state,year,total,D,R,party,pv2p,last_pv2p,winner,incumbent,incumbent_party
Alabama,1988,1378476,549506,815576,republican,59.74556839808891,61.26339535131827,TRUE,FALSE,TRUE
Alabama,1988,1378476,549506,815576,democrat,40.254431601911094,38.736604648681734,FALSE,FALSE,FALSE
Alabama,1992,1688060,690080,804283,republican,53.82112645990298,59.74556839808891,FALSE,TRUE,TRUE
Alabama,1992,1688060,690080,804283,democrat,46.178873540097015,40.254431601911094,TRUE,FALSE,FALSE
Alabama,1996,1534349,662165,769044,republican,53.73387115368894,53.82112645990298,FALSE,FALSE,FALSE
Alabama,1996,1534349,662165,769044,democrat,46.266128846311055,46.178873540097015,TRUE,TRUE,TRUE
Alabama,2000,1666272,692611,941173,republican,57.60694192133109,53.73387115368894,TRUE,FALSE,FALSE
Alabama,2000,1666272,692611,941173,democrat,42.39305807866891,46.266128846311055,FALSE,FALSE,TRUE
Alabama,2004,1883415,693933,1176394,republican,62.89777135228225,57.60694192133109,TRUE,TRUE,TRUE
Alabama,2004,1883415,693933,1176394,democrat,37.10222864771775,42.39305807866891,FALSE,FALSE,FALSE
Alabama,2008,2099819,813479,1266546,republican,60.890902753572675,62.89777135228225,FALSE,FALSE,TRUE
Alabama,2008,2099819,813479,1266546,democrat,39.109097246427325,37.10222864771775,TRUE,FALSE,FALSE
Alabama,2012,2074338,795696,1255925,republican,61.216228533437715,60.890902753572675,FALSE,FALSE,FALSE
Alabama,2012,2074338,795696,1255925,democrat,38.78377146656229,39.109097246427325,TRUE,TRUE,TRUE
Alabama,2016,2123372,729547,1318255,republican,64.37414359396074,61.216228533437715,TRUE,FALSE,FALSE
Alabama,2016,2123372,729547,1318255,democrat,35.62585640603926,38.78377146656229,FALSE,FALSE,TRUE
Alaska,1988,200116,72584,119251,republican,62.16331743425339,69.05591264771638,TRUE,FALSE,TRUE
Alaska,1988,200116,72584,119251,democrat,37.83668256574661,30.944087352283617,FALSE,FALSE,FALSE
Alaska,1992,258506,78294,102000,republican,56.57426203867018,62.16331743425339,FALSE,TRUE,TRUE
Alaska,1992,258506,78294,102000,democrat,43.42573796132983,37.83668256574661,TRUE,FALSE,FALSE
Alaska,1996,241620,80380,122746,republican,60.42850250583381,56.57426203867018,FALSE,FALSE,FALSE
Alaska,1996,241620,80380,122746,democrat,39.57149749416618,43.42573796132983,TRUE,TRUE,TRUE
Alaska,2000,285560,79004,167398,republican,67.93694856372919,60.42850250583381,TRUE,FALSE,FALSE
Alaska,2000,285560,79004,167398,democrat,32.06305143627081,39.57149749416618,FALSE,FALSE,TRUE
Alaska,2004,312598,111025,190889,republican,63.22628298124632,67.93694856372919,TRUE,TRUE,TRUE
Alaska,2004,312598,111025,190889,democrat,36.77371701875368,32.06305143627081,FALSE,FALSE,FALSE
Alaska,2008,326197,123594,193841,republican,61.064784916597105,63.22628298124632,FALSE,FALSE,TRUE
Alaska,2008,326197,123594,193841,democrat,38.9352150834029,36.77371701875368,TRUE,FALSE,FALSE
Alaska,2012,300495,122640,164676,republican,57.315290481560375,61.064784916597105,FALSE,FALSE,FALSE
Alaska,2012,300495,122640,164676,democrat,42.684709518439625,38.9352150834029,TRUE,TRUE,TRUE
Alaska,2016,318608,116454,163387,republican,58.38565471106807,57.315290481560375,TRUE,FALSE,FALSE
Alaska,2016,318608,116454,163387,democrat,41.61434528893193,42.684709518439625,FALSE,FALSE,TRUE
Arizona,1988,1171873,454029,702541,republican,60.7434915309925,67.116727570006,TRUE,FALSE,TRUE
Arizona,1988,1171873,454029,702541,democrat,39.25650846900749,32.883272429993994,FALSE,FALSE,FALSE
Arizona,1992,1486975,543050,572086,republican,51.30190398301194,60.7434915309925,FALSE,TRUE,TRUE
Arizona,1992,1486975,543050,572086,democrat,48.69809601698806,39.25650846900749,TRUE,FALSE,FALSE
Arizona,1996,1404405,653288,622073,republican,48.77622884814574,51.30190398301194,FALSE,FALSE,FALSE
Arizona,1996,1404405,653288,622073,democrat,51.22377115185426,48.69809601698806,TRUE,TRUE,TRUE
Arizona,2000,1532016,685341,781652,republican,53.28259916713986,48.77622884814574,TRUE,FALSE,FALSE
Arizona,2000,1532016,685341,781652,democrat,46.71740083286014,51.22377115185426,FALSE,FALSE,TRUE
Arizona,2004,2012585,893524,1104294,republican,55.275005030488266,53.28259916713986,TRUE,TRUE,TRUE
Arizona,2004,2012585,893524,1104294,democrat,44.72499496951174,46.71740083286014,FALSE,FALSE,FALSE
Arizona,2008,2293475,1034707,1230111,republican,54.31390071961633,55.275005030488266,FALSE,FALSE,TRUE
Arizona,2008,2293475,1034707,1230111,democrat,45.68609928038368,44.72499496951174,TRUE,FALSE,FALSE
Arizona,2012,2299254,1025232,1233654,republican,54.61338022370319,54.31390071961633,FALSE,FALSE,FALSE
Arizona,2012,2299254,1025232,1233654,democrat,45.38661977629681,45.68609928038368,TRUE,TRUE,TRUE
Arizona,2016,2573165,1161167,1252401,republican,51.89002340103946,54.61338022370319,TRUE,FALSE,FALSE
Arizona,2016,2573165,1161167,1252401,democrat,48.10997659896054,45.38661977629681,FALSE,FALSE,TRUE
Arkansas,1988,827738,349237,466578,republican,57.19164271311511,61.227588101944086,TRUE,FALSE,TRUE
Arkansas,1988,827738,349237,466578,democrat,42.8083572868849,38.77241189805592,FALSE,FALSE,FALSE
Arkansas,1992,950653,505823,337324,republican,40.007732933877485,57.19164271311511,FALSE,TRUE,TRUE
Arkansas,1992,950653,505823,337324,democrat,59.992267066122515,42.8083572868849,TRUE,FALSE,FALSE
Arkansas,1996,884262,475171,325416,republican,40.64717513524451,40.007732933877485,FALSE,FALSE,FALSE
Arkansas,1996,884262,475171,325416,democrat,59.35282486475548,59.992267066122515,TRUE,TRUE,TRUE
Arkansas,2000,921781,422768,472940,republican,52.80068951042081,40.64717513524451,TRUE,FALSE,FALSE
Arkansas,2000,921781,422768,472940,democrat,47.19931048957919,59.35282486475548,FALSE,FALSE,TRUE
Arkansas,2004,1054945,469953,572898,republican,54.93574825166778,52.80068951042081,TRUE,TRUE,TRUE
Arkansas,2004,1054945,469953,572898,democrat,45.06425174833222,47.19931048957919,FALSE,FALSE,FALSE
Arkansas,2008,1086617,422310,638017,republican,60.17172061071726,54.93574825166778,FALSE,FALSE,TRUE
Arkansas,2008,1086617,422310,638017,democrat,39.82827938928274,45.06425174833222,TRUE,FALSE,FALSE
Arkansas,2012,1069468,394409,647744,republican,62.15440535122961,60.17172061071726,FALSE,FALSE,FALSE
Arkansas,2012,1069468,394409,647744,democrat,37.84559464877038,39.82827938928274,TRUE,TRUE,TRUE
Arkansas,2016,1130635,380494,684872,republican,64.28513768977047,62.15440535122961,TRUE,FALSE,FALSE
Arkansas,2016,1130635,380494,684872,democrat,35.714862310229535,37.84559464877038,FALSE,FALSE,TRUE
California,1988,9887065,4702233,5054917,republican,51.80731053637588,58.22453482219766,TRUE,FALSE,TRUE
California,1988,9887065,4702233,5054917,democrat,48.19268946362411,41.77546517780233,FALSE,FALSE,FALSE
California,1992,11131721,5121325,3630574,republican,41.48327123062092,51.80731053637588,FALSE,TRUE,TRUE
California,1992,11131721,5121325,3630574,democrat,58.51672876937908,48.19268946362411,TRUE,FALSE,FALSE
California,1996,10019469,5119835,3828381,republican,42.78373476903106,41.48327123062092,FALSE,FALSE,FALSE
California,1996,10019469,5119835,3828381,democrat,57.21626523096894,58.51672876937908,TRUE,TRUE,TRUE
California,2000,10965822,5861203,4567429,republican,43.79701000092822,42.78373476903106,TRUE,FALSE,FALSE
California,2000,10965822,5861203,4567429,democrat,56.20298999907178,57.21626523096894,FALSE,FALSE,TRUE
California,2004,12421353,6745485,5509826,republican,44.958679547177546,43.79701000092822,TRUE,TRUE,TRUE
California,2004,12421353,6745485,5509826,democrat,55.041320452822454,56.20298999907178,FALSE,FALSE,FALSE
California,2008,13561900,8274473,5011781,republican,37.721550408414586,44.958679547177546,FALSE,FALSE,TRUE
California,2008,13561900,8274473,5011781,democrat,62.27844959158541,55.041320452822454,TRUE,FALSE,FALSE
California,2012,13038547,7854285,4839958,republican,38.12718883670338,37.721550408414586,FALSE,FALSE,FALSE
California,2012,13038547,7854285,4839958,democrat,61.872811163296625,62.27844959158541,TRUE,TRUE,TRUE
California,2016,14181595,8753788,4483810,republican,33.871779457270115,38.12718883670338,TRUE,FALSE,FALSE
California,2016,14181595,8753788,4483810,democrat,66.12822054272989,61.872811163296625,FALSE,FALSE,TRUE
Colorado,1988,1372394,621453,728177,republican,53.95382438149715,64.3657698356506,TRUE,FALSE,TRUE
Colorado,1988,1372394,621453,728177,democrat,46.04617561850285,35.634230164349404,FALSE,FALSE,FALSE
Colorado,1992,1569180,629681,562850,republican,47.19793447717502,53.95382438149715,FALSE,TRUE,TRUE
Colorado,1992,1569180,629681,562850,democrat,52.80206552282498,46.04617561850285,TRUE,FALSE,FALSE
Colorado,1996,1510702,671152,691848,republican,50.75920763022744,47.19793447717502,FALSE,FALSE,FALSE
Colorado,1996,1510702,671152,691848,democrat,49.240792369772564,52.80206552282498,TRUE,TRUE,TRUE
Colorado,2000,1741368,738227,883748,republican,54.48591994327903,50.75920763022744,TRUE,FALSE,FALSE
Colorado,2000,1741368,738227,883748,democrat,45.51408005672097,49.240792369772564,FALSE,FALSE,TRUE
Colorado,2004,2129630,1001732,1101255,republican,52.36622955824264,54.48591994327903,TRUE,TRUE,TRUE
Colorado,2004,2129630,1001732,1101255,democrat,47.63377044175737,45.51408005672097,FALSE,FALSE,FALSE
Colorado,2008,2401361,1288576,1073589,republican,45.44936530682658,52.36622955824264,FALSE,FALSE,TRUE
Colorado,2008,2401361,1288576,1073589,democrat,54.55063469317343,47.63377044175737,TRUE,FALSE,FALSE
Colorado,2012,2569516,1323101,1185243,republican,47.252011685797484,45.44936530682658,FALSE,FALSE,FALSE
Colorado,2012,2569516,1323101,1185243,democrat,52.74798831420252,54.55063469317343,TRUE,TRUE,TRUE
Colorado,2016,2780220,1338870,1202484,republican,47.316666627317566,47.252011685797484,TRUE,FALSE,FALSE
Colorado,2016,2780220,1338870,1202484,democrat,52.68333337268244,52.74798831420252,FALSE,FALSE,TRUE
Connecticut,1988,1443394,676584,750241,republican,52.581150456432994,60.999168763018034,TRUE,FALSE,TRUE
Connecticut,1988,1443394,676584,750241,democrat,47.418849543567006,39.000831236981966,FALSE,FALSE,FALSE
Connecticut,1992,1616156,682318,578313,republican,45.87488329257332,52.581150456432994,FALSE,TRUE,TRUE
Connecticut,1992,1616156,682318,578313,democrat,54.12511670742668,47.418849543567006,TRUE,FALSE,FALSE
Connecticut,1996,1392614,735740,483109,republican,39.63649311768726,45.87488329257332,FALSE,FALSE,FALSE
Connecticut,1996,1392614,735740,483109,democrat,60.363506882312734,54.12511670742668,TRUE,TRUE,TRUE
Connecticut,2000,1459525,816015,561094,republican,40.74434195114548,39.63649311768726,TRUE,FALSE,FALSE
Connecticut,2000,1459525,816015,561094,democrat,59.25565804885452,60.363506882312734,FALSE,FALSE,TRUE
Connecticut,2004,1578769,857488,693826,republican,44.725052439415876,40.74434195114548,TRUE,TRUE,TRUE
Connecticut,2004,1578769,857488,693826,democrat,55.27494756058412,59.25565804885452,FALSE,FALSE,FALSE
Connecticut,2008,1646792,997772,629428,republican,38.68166175024582,44.725052439415876,FALSE,FALSE,TRUE
Connecticut,2008,1646792,997772,629428,democrat,61.31833824975418,55.27494756058412,TRUE,FALSE,FALSE
Connecticut,2012,1558204,905083,634892,republican,41.227422523092905,38.68166175024582,FALSE,FALSE,FALSE
Connecticut,2012,1558204,905083,634892,democrat,58.772577476907095,61.31833824975418,TRUE,TRUE,TRUE
Connecticut,2016,1644920,897572,673215,republican,42.85845248273636,41.227422523092905,TRUE,FALSE,FALSE
Connecticut,2016,1644920,897572,673215,democrat,57.14154751726363,58.772577476907095,FALSE,FALSE,TRUE
Delaware,1988,249891,108647,139639,republican,56.24118959586928,59.95367269919557,TRUE,FALSE,TRUE
Delaware,1988,249891,108647,139639,democrat,43.75881040413072,40.04632730080442,FALSE,FALSE,FALSE
Delaware,1992,289620,126054,102313,republican,44.80200729527471,56.24118959586928,FALSE,TRUE,TRUE
Delaware,1992,289620,126054,102313,democrat,55.19799270472529,43.75881040413072,TRUE,FALSE,FALSE
Delaware,1996,270810,140355,99062,republican,41.376343367430046,44.80200729527471,FALSE,FALSE,FALSE
Delaware,1996,270810,140355,99062,democrat,58.623656632569954,55.19799270472529,TRUE,TRUE,TRUE
Delaware,2000,327529,180068,137288,republican,43.259935214711554,41.376343367430046,TRUE,FALSE,FALSE
Delaware,2000,327529,180068,137288,democrat,56.740064785288446,58.623656632569954,FALSE,FALSE,TRUE
Delaware,2004,375190,200152,171660,republican,46.1684937549084,43.259935214711554,TRUE,TRUE,TRUE
Delaware,2004,375190,200152,171660,democrat,53.83150624509161,56.740064785288446,FALSE,FALSE,FALSE
Delaware,2008,412412,255459,152374,republican,37.36186135011144,46.1684937549084,FALSE,FALSE,TRUE
Delaware,2008,412412,255459,152374,democrat,62.63813864988855,53.83150624509161,TRUE,FALSE,FALSE
Delaware,2012,413890,242584,165484,republican,40.55304508072184,37.36186135011144,FALSE,FALSE,FALSE
Delaware,2012,413890,242584,165484,democrat,59.44695491927816,62.63813864988855,TRUE,TRUE,TRUE
Delaware,2016,441590,235603,185127,republican,44.001378556318784,40.55304508072184,TRUE,FALSE,FALSE
Delaware,2016,441590,235603,185127,democrat,55.998621443681216,59.44695491927816,FALSE,FALSE,TRUE
District of Columbia,1988,192877,159407,27590,republican,14.754247394343226,13.852266052899239,TRUE,FALSE,TRUE
District of Columbia,1988,192877,159407,27590,democrat,85.24575260565678,86.14773394710076,FALSE,FALSE,FALSE
District of Columbia,1992,227572,192619,20698,republican,9.702930380607265,14.754247394343226,FALSE,TRUE,TRUE
District of Columbia,1992,227572,192619,20698,democrat,90.29706961939273,85.24575260565678,TRUE,FALSE,FALSE
District of Columbia,1996,185726,158220,17339,republican,9.876451791135743,9.702930380607265,FALSE,FALSE,FALSE
District of Columbia,1996,185726,158220,17339,democrat,90.12354820886426,90.29706961939273,TRUE,TRUE,TRUE
District of Columbia,2000,201894,171923,18073,republican,9.51230552222152,9.876451791135743,TRUE,FALSE,FALSE
District of Columbia,2000,201894,171923,18073,democrat,90.48769447777848,90.12354820886426,FALSE,FALSE,TRUE
District of Columbia,2004,227586,202970,21256,republican,9.479721352563931,9.51230552222152,TRUE,TRUE,TRUE
District of Columbia,2004,227586,202970,21256,democrat,90.52027864743607,90.48769447777848,FALSE,FALSE,FALSE
District of Columbia,2008,265853,245800,17367,republican,6.599231666584336,9.479721352563931,FALSE,FALSE,TRUE
District of Columbia,2008,265853,245800,17367,democrat,93.40076833341567,90.52027864743607,TRUE,FALSE,FALSE
District of Columbia,2012,293764,267070,21381,republican,7.412350797882484,6.599231666584336,FALSE,FALSE,FALSE
District of Columbia,2012,293764,267070,21381,democrat,92.58764920211752,93.40076833341567,TRUE,TRUE,TRUE
District of Columbia,2016,312575,282830,12723,republican,4.304811658145916,7.412350797882484,TRUE,FALSE,FALSE
District of Columbia,2016,312575,282830,12723,democrat,95.69518834185409,92.58764920211752,FALSE,FALSE,TRUE
Florida,1988,4302313,1656701,2618885,republican,61.25207164585159,65.33241321354548,TRUE,FALSE,TRUE
Florida,1988,4302313,1656701,2618885,democrat,38.747928354148414,34.66758678645452,FALSE,FALSE,FALSE
Florida,1992,5313392,2071698,2173310,republican,51.19684108958098,61.25207164585159,FALSE,TRUE,TRUE
Florida,1992,5313392,2071698,2173310,democrat,48.803158910419015,38.747928354148414,TRUE,FALSE,FALSE
Florida,1996,5303154,2546870,2244536,republican,46.8450388048936,51.19684108958098,FALSE,FALSE,FALSE
Florida,1996,5303154,2546870,2244536,democrat,53.15496119510641,48.803158910419015,TRUE,TRUE,TRUE
Florida,2000,5963110,2912253,2912790,republican,50.00460940803355,46.8450388048936,TRUE,FALSE,FALSE
Florida,2000,5963110,2912253,2912790,democrat,49.99539059196644,53.15496119510641,FALSE,FALSE,TRUE
Florida,2004,7609810,3583544,3964522,republican,52.523679575668794,50.00460940803355,TRUE,TRUE,TRUE
Florida,2004,7609810,3583544,3964522,democrat,47.47632042433121,49.99539059196644,FALSE,FALSE,FALSE
Florida,2008,8390744,4282074,4045624,republican,48.580339969100706,52.523679575668794,FALSE,FALSE,TRUE
Florida,2008,8390744,4282074,4045624,democrat,51.419660030899294,47.47632042433121,TRUE,FALSE,FALSE
Florida,2012,8474179,4237756,4163447,republican,49.55774786063377,48.580339969100706,FALSE,FALSE,FALSE
Florida,2012,8474179,4237756,4163447,democrat,50.442252139366225,51.419660030899294,TRUE,TRUE,TRUE
Florida,2016,9420039,4504975,4617886,republican,50.61883547277548,49.55774786063377,TRUE,FALSE,FALSE
Florida,2016,9420039,4504975,4617886,democrat,49.38116452722452,50.442252139366225,FALSE,FALSE,TRUE
Georgia,1988,1809672,714792,1081331,republican,60.203616344760356,60.197820148139805,TRUE,FALSE,TRUE
Georgia,1988,1809672,714792,1081331,democrat,39.796383655239644,39.802179851860195,FALSE,FALSE,FALSE
Georgia,1992,2321133,1008966,995252,republican,49.657871548903366,60.203616344760356,FALSE,TRUE,TRUE
Georgia,1992,2321133,1008966,995252,democrat,50.342128451096634,39.796383655239644,TRUE,FALSE,FALSE
Georgia,1996,2298899,1053849,1080843,republican,50.63226919855417,49.657871548903366,FALSE,FALSE,FALSE
Georgia,1996,2298899,1053849,1080843,democrat,49.36773080144583,50.342128451096634,TRUE,TRUE,TRUE
Georgia,2000,2583208,1116230,1419720,republican,55.983753622902654,50.63226919855417,TRUE,FALSE,FALSE
Georgia,2000,2583208,1116230,1419720,democrat,44.01624637709734,49.36773080144583,FALSE,FALSE,TRUE
Georgia,2004,3301875,1366149,1914254,republican,58.35423269640956,55.983753622902654,TRUE,TRUE,TRUE
Georgia,2004,3301875,1366149,1914254,democrat,41.64576730359044,44.01624637709734,FALSE,FALSE,FALSE
Georgia,2008,3924486,1844123,2048759,republican,52.62833551081179,58.35423269640956,FALSE,FALSE,TRUE
Georgia,2008,3924486,1844123,2048759,democrat,47.37166448918821,41.64576730359044,TRUE,FALSE,FALSE
Georgia,2012,3897839,1773827,2078688,republican,53.95664909805672,52.62833551081179,FALSE,FALSE,FALSE
Georgia,2012,3897839,1773827,2078688,democrat,46.04335090194328,47.37166448918821,TRUE,TRUE,TRUE
Georgia,2016,4114732,1877963,2089104,republican,52.66117259930322,53.95664909805672,TRUE,FALSE,FALSE
Georgia,2016,4114732,1877963,2089104,democrat,47.338827400696786,46.04335090194328,FALSE,FALSE,TRUE
Hawaii,1988,354461,192364,158625,republican,45.19372401984108,55.703724217649395,TRUE,FALSE,TRUE
Hawaii,1988,354461,192364,158625,democrat,54.80627598015892,44.296275782350605,FALSE,FALSE,FALSE
Hawaii,1992,372842,179310,136822,republican,43.280022269178694,45.19372401984108,FALSE,TRUE,TRUE
Hawaii,1992,372842,179310,136822,democrat,56.719977730821306,54.80627598015892,TRUE,FALSE,FALSE
Hawaii,1996,360120,205012,113943,republican,35.72384819175119,43.280022269178694,FALSE,FALSE,FALSE
Hawaii,1996,360120,205012,113943,democrat,64.27615180824881,56.719977730821306,TRUE,TRUE,TRUE
Hawaii,2000,367951,205286,137845,republican,40.172703719570656,35.72384819175119,TRUE,FALSE,FALSE
Hawaii,2000,367951,205286,137845,democrat,59.827296280429344,64.27615180824881,FALSE,FALSE,TRUE
Hawaii,2004,429013,231708,194191,republican,45.59555199706973,40.172703719570656,TRUE,TRUE,TRUE
Hawaii,2004,429013,231708,194191,democrat,54.40444800293027,59.827296280429344,FALSE,FALSE,FALSE
Hawaii,2008,456064,325871,120566,republican,27.00627412154459,45.59555199706973,FALSE,FALSE,TRUE
Hawaii,2008,456064,325871,120566,democrat,72.99372587845542,54.40444800293027,TRUE,FALSE,FALSE
Hawaii,2012,437159,306658,121015,republican,28.296151498925582,27.00627412154459,FALSE,FALSE,FALSE
Hawaii,2012,437159,306658,121015,democrat,71.70384850107442,72.99372587845542,TRUE,TRUE,TRUE
Hawaii,2016,437664,266891,128847,republican,32.55866254946454,28.296151498925582,TRUE,FALSE,FALSE
Hawaii,2016,437664,266891,128847,democrat,67.44133745053546,71.70384850107442,FALSE,FALSE,TRUE
Idaho,1988,408968,147272,253881,republican,63.28782285063305,73.27557119741499,TRUE,FALSE,TRUE
Idaho,1988,408968,147272,253881,democrat,36.71217714936695,26.72442880258501,FALSE,FALSE,FALSE
Idaho,1992,482114,137013,202645,republican,59.66148302115658,63.28782285063305,FALSE,TRUE,TRUE
Idaho,1992,482114,137013,202645,democrat,40.33851697884342,36.71217714936695,TRUE,FALSE,FALSE
Idaho,1996,491711,165443,256595,republican,60.79902757571594,59.66148302115658,FALSE,FALSE,FALSE
Idaho,1996,491711,165443,256595,democrat,39.20097242428407,40.33851697884342,TRUE,TRUE,TRUE
Idaho,2000,501615,138637,336937,republican,70.84849045574401,60.79902757571594,TRUE,FALSE,FALSE
Idaho,2000,501615,138637,336937,democrat,29.151509544255994,39.20097242428407,FALSE,FALSE,TRUE
Idaho,2004,598376,181098,409235,republican,69.32273818336431,70.84849045574401,TRUE,TRUE,TRUE
Idaho,2004,598376,181098,409235,democrat,30.6772618166357,29.151509544255994,FALSE,FALSE,FALSE
Idaho,2008,655122,236440,403012,republican,63.02458980502055,69.32273818336431,FALSE,FALSE,TRUE
Idaho,2008,655122,236440,403012,democrat,36.97541019497945,30.6772618166357,TRUE,FALSE,FALSE
Idaho,2012,652274,212787,420911,republican,66.42138684357533,63.02458980502055,FALSE,FALSE,FALSE
Idaho,2012,652274,212787,420911,democrat,33.578613156424666,36.97541019497945,TRUE,TRUE,TRUE
Idaho,2016,690255,189765,409055,republican,68.31017668080558,66.42138684357533,TRUE,FALSE,FALSE
Idaho,2016,690255,189765,409055,democrat,31.689823319194417,33.578613156424666,FALSE,FALSE,TRUE
Illinois,1988,4559120,2215940,2310939,republican,51.04927699635886,56.47325330722075,TRUE,FALSE,TRUE
Illinois,1988,4559120,2215940,2310939,democrat,48.95072300364114,43.52674669277925,FALSE,FALSE,FALSE
Illinois,1992,5050157,2453350,1734096,republican,41.411781787753206,51.04927699635886,FALSE,TRUE,TRUE
Illinois,1992,5050157,2453350,1734096,democrat,58.5882182122468,48.95072300364114,TRUE,FALSE,FALSE
Illinois,1996,4311391,2341744,1587021,republican,40.39490781454223,41.411781787753206,FALSE,FALSE,FALSE
Illinois,1996,4311391,2341744,1587021,democrat,59.60509218545778,58.5882182122468,TRUE,TRUE,TRUE
Illinois,2000,4742108,2589026,2019421,republican,43.81998968416041,40.39490781454223,TRUE,FALSE,FALSE
Illinois,2000,4742108,2589026,2019421,democrat,56.18001031583959,59.60509218545778,FALSE,FALSE,TRUE
Illinois,2004,5274322,2891550,2345946,republican,44.79136595044655,43.81998968416041,TRUE,TRUE,TRUE
Illinois,2004,5274322,2891550,2345946,democrat,55.20863404955345,56.18001031583959,FALSE,FALSE,FALSE
Illinois,2008,5522371,3419348,2031179,republican,37.26573595544064,44.79136595044655,FALSE,FALSE,TRUE
Illinois,2008,5522371,3419348,2031179,democrat,62.73426404455936,55.20863404955345,TRUE,FALSE,FALSE
Illinois,2012,5242014,3019512,2135216,republican,41.42247660788309,37.26573595544064,FALSE,FALSE,FALSE
Illinois,2012,5242014,3019512,2135216,democrat,58.5775233921169,62.73426404455936,TRUE,TRUE,TRUE
Illinois,2016,5536424,3090729,2146015,republican,40.97994860928852,41.42247660788309,TRUE,FALSE,FALSE
Illinois,2016,5536424,3090729,2146015,democrat,59.02005139071148,58.5775233921169,FALSE,FALSE,TRUE
Indiana,1988,2168621,860643,1297763,republican,60.12599112493201,62.07342912168372,TRUE,FALSE,TRUE
Indiana,1988,2168621,860643,1297763,democrat,39.87400887506799,37.926570878316284,FALSE,FALSE,FALSE
Indiana,1992,2305871,848420,989375,republican,53.83489453393877,60.12599112493201,FALSE,TRUE,TRUE
Indiana,1992,2305871,848420,989375,democrat,46.16510546606123,39.87400887506799,TRUE,FALSE,FALSE
Indiana,1996,2135431,887424,1006693,republican,53.14840635504565,53.83489453393877,FALSE,FALSE,FALSE
Indiana,1996,2135431,887424,1006693,democrat,46.851593644954356,46.16510546606123,TRUE,TRUE,TRUE
Indiana,2000,2199302,901980,1245836,republican,58.004782532581935,53.14840635504565,TRUE,FALSE,FALSE
Indiana,2000,2199302,901980,1245836,democrat,41.995217467418065,46.851593644954356,FALSE,FALSE,TRUE
Indiana,2004,2468002,969011,1479438,republican,60.42347624965846,58.004782532581935,TRUE,TRUE,TRUE
Indiana,2004,2468002,969011,1479438,democrat,39.57652375034154,41.995217467418065,FALSE,FALSE,FALSE
Indiana,2008,2751054,1374039,1345648,republican,49.47804655462191,60.42347624965846,FALSE,FALSE,TRUE
Indiana,2008,2751054,1374039,1345648,democrat,50.52195344537809,39.57652375034154,TRUE,FALSE,FALSE
Indiana,2012,2624534,1152887,1420543,republican,55.200374597327304,49.47804655462191,FALSE,FALSE,FALSE
Indiana,2012,2624534,1152887,1420543,democrat,44.799625402672696,50.52195344537809,TRUE,TRUE,TRUE
Indiana,2016,2734958,1033126,1557286,republican,60.117309524508066,55.200374597327304,TRUE,FALSE,FALSE
Indiana,2016,2734958,1033126,1557286,democrat,39.88269047549193,44.799625402672696,FALSE,FALSE,TRUE
Iowa,1988,1225614,670557,545355,republican,44.85151885991749,53.72382533002015,TRUE,FALSE,TRUE
Iowa,1988,1225614,670557,545355,democrat,55.14848114008251,46.27617466997986,FALSE,FALSE,FALSE
Iowa,1992,1354607,586353,504891,republican,46.26747088643786,44.85151885991749,FALSE,TRUE,TRUE
Iowa,1992,1354607,586353,504891,democrat,53.73252911356213,55.14848114008251,TRUE,FALSE,FALSE
Iowa,1996,1234075,620258,492644,republican,44.26661107626727,46.26747088643786,FALSE,FALSE,FALSE
Iowa,1996,1234075,620258,492644,democrat,55.73338892373273,53.73252911356213,TRUE,TRUE,TRUE
Iowa,2000,1353022,638517,634373,republican,49.83722081248183,44.26661107626727,TRUE,FALSE,FALSE
Iowa,2000,1353022,638517,634373,democrat,50.16277918751817,55.73338892373273,FALSE,FALSE,TRUE
Iowa,2004,1506908,741898,751957,republican,50.33667926271291,49.83722081248183,TRUE,TRUE,TRUE
Iowa,2004,1506908,741898,751957,democrat,49.66332073728709,50.16277918751817,FALSE,FALSE,FALSE
Iowa,2008,1537123,828940,682379,republican,45.15122221053265,50.33667926271291,FALSE,FALSE,TRUE
Iowa,2008,1537123,828940,682379,democrat,54.84877778946735,49.66332073728709,TRUE,FALSE,FALSE
Iowa,2012,1582180,822544,730617,republican,47.040648071899824,45.15122221053265,FALSE,FALSE,FALSE
Iowa,2012,1582180,822544,730617,democrat,52.959351928100176,54.84877778946735,TRUE,TRUE,TRUE
Iowa,2016,1565580,653669,800983,republican,55.06354784512034,47.040648071899824,TRUE,FALSE,FALSE
Iowa,2016,1565580,653669,800983,democrat,44.93645215487965,52.959351928100176,FALSE,FALSE,TRUE
Kansas,1988,993044,422636,554049,republican,56.72750170218648,67.02947711156966,TRUE,FALSE,TRUE
Kansas,1988,993044,422636,554049,democrat,43.27249829781352,32.970522888430345,FALSE,FALSE,FALSE
Kansas,1992,1157236,390434,449951,republican,53.54105558761758,56.72750170218648,FALSE,TRUE,TRUE
Kansas,1992,1157236,390434,449951,democrat,46.45894441238242,43.27249829781352,TRUE,FALSE,FALSE
Kansas,1996,1074300,387659,583245,republican,60.07236554798414,53.54105558761758,FALSE,FALSE,FALSE
Kansas,1996,1074300,387659,583245,democrat,39.92763445201585,46.45894441238242,TRUE,TRUE,TRUE
Kansas,2000,1072216,399276,622332,republican,60.916907463528084,60.07236554798414,TRUE,FALSE,FALSE
Kansas,2000,1072216,399276,622332,democrat,39.083092536471916,39.92763445201585,FALSE,FALSE,TRUE
Kansas,2004,1187756,434993,736456,republican,62.867098781082234,60.916907463528084,TRUE,TRUE,TRUE
Kansas,2004,1187756,434993,736456,democrat,37.132901218917766,39.083092536471916,FALSE,FALSE,FALSE
Kansas,2008,1235872,514765,699655,republican,57.61227581890944,62.867098781082234,FALSE,FALSE,TRUE
Kansas,2008,1235872,514765,699655,democrat,42.38772418109056,37.132901218917766,TRUE,FALSE,FALSE
Kansas,2012,1159971,440726,692634,republican,61.11332674525305,57.61227581890944,FALSE,FALSE,FALSE
Kansas,2012,1159971,440726,692634,democrat,38.886673254746945,42.38772418109056,TRUE,TRUE,TRUE
Kansas,2016,1184402,427005,671018,republican,61.111470342606665,61.11332674525305,TRUE,FALSE,FALSE
Kansas,2016,1184402,427005,671018,democrat,38.888529657393335,38.886673254746945,FALSE,FALSE,TRUE
Kentucky,1988,1322517,580368,734281,republican,55.85376781178854,60.36418238945198,TRUE,FALSE,TRUE
Kentucky,1988,1322517,580368,734281,democrat,44.14623218821146,39.635817610548024,FALSE,FALSE,FALSE
Kentucky,1992,1492900,665104,617178,republican,48.13122230523395,55.85376781178854,FALSE,TRUE,TRUE
Kentucky,1992,1492900,665104,617178,democrat,51.86877769476605,44.14623218821146,TRUE,FALSE,FALSE
Kentucky,1996,1388708,636614,623283,republican,49.47094881565715,48.13122230523395,FALSE,FALSE,FALSE
Kentucky,1996,1388708,636614,623283,democrat,50.52905118434284,51.86877769476605,TRUE,TRUE,TRUE
Kentucky,2000,1544106,638923,872520,republican,57.727615265676576,49.47094881565715,TRUE,FALSE,FALSE
Kentucky,2000,1544106,638923,872520,democrat,42.272384734323424,50.52905118434284,FALSE,FALSE,TRUE
Kentucky,2004,1795882,712733,1069439,republican,60.00761991547393,57.727615265676576,TRUE,TRUE,TRUE
Kentucky,2004,1795882,712733,1069439,democrat,39.992380084526076,42.272384734323424,FALSE,FALSE,FALSE
Kentucky,2008,1826620,751985,1048462,republican,58.23342758770461,60.00761991547393,FALSE,FALSE,TRUE
Kentucky,2008,1826620,751985,1048462,democrat,41.76657241229539,39.992380084526076,TRUE,FALSE,FALSE
Kentucky,2012,1797212,679370,1087190,republican,61.54277239380491,58.23342758770461,FALSE,FALSE,FALSE
Kentucky,2012,1797212,679370,1087190,democrat,38.45722760619509,41.76657241229539,TRUE,TRUE,TRUE
Kentucky,2016,1924149,628854,1202971,republican,65.67062901750987,61.54277239380491,TRUE,FALSE,FALSE
Kentucky,2016,1924149,628854,1202971,democrat,34.32937098249014,38.45722760619509,FALSE,FALSE,TRUE
Louisiana,1988,1628202,717460,883702,republican,55.19129232394974,61.419161162542146,TRUE,FALSE,TRUE
Louisiana,1988,1628202,717460,883702,democrat,44.80870767605027,38.58083883745785,FALSE,FALSE,FALSE
Louisiana,1992,1790017,815971,733386,republican,47.33486213958435,55.19129232394974,FALSE,TRUE,TRUE
Louisiana,1992,1790017,815971,733386,democrat,52.66513786041565,44.80870767605027,TRUE,FALSE,FALSE
Louisiana,1996,1783959,927837,712586,republican,43.43916172840785,47.33486213958435,FALSE,FALSE,FALSE
Louisiana,1996,1783959,927837,712586,democrat,56.56083827159214,52.66513786041565,TRUE,TRUE,TRUE
Louisiana,2000,1765656,792344,927871,republican,53.93924596634723,43.43916172840785,TRUE,FALSE,FALSE
Louisiana,2000,1765656,792344,927871,democrat,46.06075403365277,56.56083827159214,FALSE,FALSE,TRUE
Louisiana,2004,1943106,820299,1102169,republican,57.330941269243496,53.93924596634723,TRUE,TRUE,TRUE
Louisiana,2004,1943106,820299,1102169,democrat,42.66905873075651,46.06075403365277,FALSE,FALSE,FALSE
Louisiana,2008,1960761,782989,1148275,republican,59.45717416158537,57.330941269243496,FALSE,FALSE,TRUE
Louisiana,2008,1960761,782989,1148275,democrat,40.542825838414636,42.66905873075651,TRUE,FALSE,FALSE
Louisiana,2012,1994065,809141,1152262,republican,58.74682561411397,59.45717416158537,FALSE,FALSE,FALSE
Louisiana,2012,1994065,809141,1152262,democrat,41.25317438588602,40.542825838414636,TRUE,TRUE,TRUE
Louisiana,2016,2029032,780154,1178638,republican,60.1716772378078,58.74682561411397,TRUE,FALSE,FALSE
Louisiana,2016,2029032,780154,1178638,democrat,39.82832276219221,41.25317438588602,FALSE,FALSE,TRUE
Maine,1988,555035,243569,307131,republican,55.771018703468314,61.06911790060162,TRUE,FALSE,TRUE
Maine,1988,555035,243569,307131,democrat,44.228981296531686,38.93088209939838,FALSE,FALSE,FALSE
Maine,1992,679499,263420,206504,republican,43.94412713545169,55.771018703468314,FALSE,TRUE,TRUE
Maine,1992,679499,263420,206504,democrat,56.055872864548306,44.228981296531686,TRUE,FALSE,FALSE
Maine,1996,605897,312788,186378,republican,37.337879583144684,43.94412713545169,FALSE,FALSE,FALSE
Maine,1996,605897,312788,186378,democrat,62.662120416855316,56.055872864548306,TRUE,TRUE,TRUE
Maine,2000,651817,319951,286616,republican,47.25215845899958,37.337879583144684,TRUE,FALSE,FALSE
Maine,2000,651817,319951,286616,democrat,52.74784154100042,62.662120416855316,FALSE,FALSE,TRUE
Maine,2004,740752,396842,330201,republican,45.4169835896914,47.25215845899958,TRUE,TRUE,TRUE
Maine,2004,740752,396842,330201,democrat,54.5830164103086,52.74784154100042,FALSE,FALSE,FALSE
Maine,2008,731163,421923,295273,republican,41.1704750165924,45.4169835896914,FALSE,FALSE,TRUE
Maine,2008,731163,421923,295273,democrat,58.8295249834076,54.5830164103086,TRUE,FALSE,FALSE
Maine,2012,724758,401306,292276,republican,42.14007860642289,41.1704750165924,FALSE,FALSE,FALSE
Maine,2012,724758,401306,292276,democrat,57.85992139357711,58.8295249834076,TRUE,TRUE,TRUE
Maine,2016,771892,357735,335593,republican,48.40320887083747,42.14007860642289,TRUE,FALSE,FALSE
Maine,2016,771892,357735,335593,democrat,51.59679112916253,57.85992139357711,FALSE,FALSE,TRUE
Maryland,1988,1714358,826304,876167,republican,51.46443023111701,52.75752719214463,TRUE,FALSE,TRUE
Maryland,1988,1714358,826304,876167,democrat,48.53556976888299,47.24247280785537,FALSE,FALSE,FALSE
Maryland,1992,1984580,988571,707094,republican,41.70009996078235,51.46443023111701,FALSE,TRUE,TRUE
Maryland,1992,1984580,988571,707094,democrat,58.299900039217654,48.53556976888299,TRUE,FALSE,FALSE
Maryland,1996,1780870,966207,681530,republican,41.36157651372761,41.70009996078235,FALSE,FALSE,FALSE
Maryland,1996,1780870,966207,681530,democrat,58.63842348627239,58.299900039217654,TRUE,TRUE,TRUE
Maryland,2000,2025212,1144008,813827,republican,41.56770105754571,41.36157651372761,TRUE,FALSE,FALSE
Maryland,2000,2025212,1144008,813827,democrat,58.432298942454295,58.63842348627239,FALSE,FALSE,TRUE
Maryland,2004,2384238,1334493,1024703,republican,43.4344157924988,41.56770105754571,TRUE,TRUE,TRUE
Maryland,2004,2384238,1334493,1024703,democrat,56.565584207501196,58.432298942454295,FALSE,FALSE,FALSE
Maryland,2008,2631596,1629467,959862,republican,37.06991270711447,43.4344157924988,FALSE,FALSE,TRUE
Maryland,2008,2631596,1629467,959862,democrat,62.93008729288553,56.565584207501196,TRUE,FALSE,FALSE
Maryland,2012,2707327,1677844,971869,republican,36.67827421309402,37.06991270711447,FALSE,FALSE,FALSE
Maryland,2012,2707327,1677844,971869,democrat,63.32172578690598,62.93008729288553,TRUE,TRUE,TRUE
Maryland,2016,2781446,1677928,943169,republican,35.98375031523061,36.67827421309402,TRUE,FALSE,FALSE
Maryland,2016,2781446,1677928,943169,democrat,64.01624968476939,63.32172578690598,FALSE,FALSE,TRUE
Massachusetts,1988,2632801,1401415,1194635,republican,46.01741106681304,51.39833023725937,TRUE,FALSE,TRUE
Massachusetts,1988,2632801,1401415,1194635,democrat,53.98258893318696,48.60166976274062,FALSE,FALSE,FALSE
Massachusetts,1992,2773664,1318639,805039,republican,37.90777132879843,46.01741106681304,FALSE,TRUE,TRUE
Massachusetts,1992,2773664,1318639,805039,democrat,62.09222867120157,53.98258893318696,TRUE,FALSE,FALSE
Massachusetts,1996,2556459,1571509,718058,republican,31.362174594584914,37.90777132879843,FALSE,FALSE,FALSE
Massachusetts,1996,2556459,1571509,718058,democrat,68.63782540541509,62.09222867120157,TRUE,TRUE,TRUE
Massachusetts,2000,2733964,1616487,878502,republican,35.21065623936618,31.362174594584914,TRUE,FALSE,FALSE
Massachusetts,2000,2733964,1616487,878502,democrat,64.78934376063381,68.63782540541509,FALSE,FALSE,TRUE
Massachusetts,2004,2927455,1803800,1071109,republican,37.25714448700811,35.21065623936618,TRUE,TRUE,TRUE
Massachusetts,2004,2927455,1803800,1071109,democrat,62.74285551299189,64.78934376063381,FALSE,FALSE,FALSE
Massachusetts,2008,3102995,1904097,1108854,republican,36.80292178664705,37.25714448700811,FALSE,FALSE,TRUE
Massachusetts,2008,3102995,1904097,1108854,democrat,63.19707821335295,62.74285551299189,TRUE,FALSE,FALSE
Massachusetts,2012,3184196,1921290,1188314,republican,38.214319250939994,36.80292178664705,FALSE,FALSE,FALSE
Massachusetts,2012,3184196,1921290,1188314,democrat,61.78568074906001,63.19707821335295,TRUE,TRUE,TRUE
Massachusetts,2016,3378821,1995196,1090893,republican,35.34872131037051,38.214319250939994,TRUE,FALSE,FALSE
Massachusetts,2016,3378821,1995196,1090893,democrat,64.65127868962949,61.78568074906001,FALSE,FALSE,TRUE
Michigan,1988,3669163,1675783,1965486,republican,53.97804996005513,59.54632499816858,TRUE,FALSE,TRUE
Michigan,1988,3669163,1675783,1965486,democrat,46.02195003994486,40.45367500183142,FALSE,FALSE,FALSE
Michigan,1992,4274673,1871182,1554940,republican,45.38484035302888,53.97804996005513,FALSE,TRUE,TRUE
Michigan,1992,4274673,1871182,1554940,democrat,54.61515964697112,46.02195003994486,TRUE,FALSE,FALSE
Michigan,1996,3848844,1989653,1481212,republican,42.675586633303226,45.38484035302888,FALSE,FALSE,FALSE
Michigan,1996,3848844,1989653,1481212,democrat,57.32441336669677,54.61515964697112,TRUE,TRUE,TRUE
Michigan,2000,4232501,2170418,1953139,republican,47.365393518265904,42.675586633303226,TRUE,FALSE,FALSE
Michigan,2000,4232501,2170418,1953139,democrat,52.63460648173409,57.32441336669677,FALSE,FALSE,TRUE
Michigan,2004,4839252,2479183,2313746,republican,48.2741555320348,47.365393518265904,TRUE,TRUE,TRUE
Michigan,2004,4839252,2479183,2313746,democrat,51.72584446796521,52.63460648173409,FALSE,FALSE,FALSE
Michigan,2008,5001596,2872579,2048639,republican,41.62869842384548,48.2741555320348,FALSE,FALSE,TRUE
Michigan,2008,5001596,2872579,2048639,democrat,58.37130157615452,51.72584446796521,TRUE,FALSE,FALSE
Michigan,2012,4730961,2564569,2115256,republican,45.19946792882212,41.62869842384548,FALSE,FALSE,FALSE
Michigan,2012,4730961,2564569,2115256,democrat,54.80053207117788,58.37130157615452,TRUE,TRUE,TRUE
Michigan,2016,4799284,2268839,2279543,republican,50.117668216961555,45.19946792882212,TRUE,FALSE,FALSE
Michigan,2016,4799284,2268839,2279543,democrat,49.88233178303845,54.80053207117788,FALSE,FALSE,TRUE
Minnesota,1988,2096790,1109471,962337,republican,46.44914007475596,49.90910923180505,TRUE,FALSE,TRUE
Minnesota,1988,2096790,1109471,962337,democrat,53.55085992524404,50.09089076819495,FALSE,FALSE,FALSE
Minnesota,1992,2347948,1020997,747841,republican,42.278659775513646,46.44914007475596,FALSE,TRUE,TRUE
Minnesota,1992,2347948,1020997,747841,democrat,57.72134022448636,53.55085992524404,TRUE,FALSE,FALSE
Minnesota,1996,2192492,1120380,766395,republican,40.61931072862424,42.278659775513646,FALSE,FALSE,FALSE
Minnesota,1996,2192492,1120380,766395,democrat,59.380689271375765,57.72134022448636,TRUE,TRUE,TRUE
Minnesota,2000,2438685,1168266,1109659,republican,48.71358802418868,40.61931072862424,TRUE,FALSE,FALSE
Minnesota,2000,2438685,1168266,1109659,democrat,51.28641197581132,59.380689271375765,FALSE,FALSE,TRUE
Minnesota,2004,2828387,1445014,1346695,republican,48.23908938933105,48.71358802418868,TRUE,TRUE,TRUE
Minnesota,2004,2828387,1445014,1346695,democrat,51.76091061066895,51.28641197581132,FALSE,FALSE,FALSE
Minnesota,2008,2910369,1573354,1275409,republican,44.77062500460726,48.23908938933105,FALSE,FALSE,TRUE
Minnesota,2008,2910369,1573354,1275409,democrat,55.22937499539273,51.76091061066895,TRUE,FALSE,FALSE
Minnesota,2012,2936561,1546167,1320225,republican,46.058773538301814,44.77062500460726,FALSE,FALSE,FALSE
Minnesota,2012,2936561,1546167,1320225,democrat,53.941226461698186,55.22937499539273,TRUE,TRUE,TRUE
Minnesota,2016,2944782,1367705,1322949,republican,49.168306292819516,46.058773538301814,TRUE,FALSE,FALSE
Minnesota,2016,2944782,1367705,1322949,democrat,50.83169370718048,53.941226461698186,FALSE,FALSE,TRUE
Mississippi,1988,931527,363921,557890,republican,60.52108295518279,62.315035058941604,TRUE,FALSE,TRUE
Mississippi,1988,931527,363921,557890,democrat,39.478917044817216,37.68496494105839,FALSE,FALSE,FALSE
Mississippi,1992,981793,400258,487793,republican,54.92848946738419,60.52108295518279,FALSE,TRUE,TRUE
Mississippi,1992,981793,400258,487793,democrat,45.071510532615804,39.478917044817216,TRUE,FALSE,FALSE
Mississippi,1996,893857,394022,439838,republican,52.747223754587104,54.92848946738419,FALSE,FALSE,FALSE
Mississippi,1996,893857,394022,439838,democrat,47.252776245412896,45.071510532615804,TRUE,TRUE,TRUE
Mississippi,2000,994184,404614,572844,republican,58.605484839246294,52.747223754587104,TRUE,FALSE,FALSE
Mississippi,2000,994184,404614,572844,democrat,41.394515160753706,47.252776245412896,FALSE,FALSE,TRUE
Mississippi,2004,1139824,457766,672660,republican,59.50500076962136,58.605484839246294,TRUE,TRUE,TRUE
Mississippi,2004,1139824,457766,672660,democrat,40.49499923037864,41.394515160753706,FALSE,FALSE,FALSE
Mississippi,2008,1289865,554662,724597,republican,56.64193099286384,59.50500076962136,FALSE,FALSE,TRUE
Mississippi,2008,1289865,554662,724597,democrat,43.358069007136166,40.49499923037864,TRUE,FALSE,FALSE
Mississippi,2012,1285584,562949,710746,republican,55.80189919878777,56.64193099286384,FALSE,FALSE,FALSE
Mississippi,2012,1285584,562949,710746,democrat,44.19810080121222,43.358069007136166,TRUE,TRUE,TRUE
Mississippi,2016,1209357,485131,700714,republican,59.08984732406006,55.80189919878777,TRUE,FALSE,FALSE
Mississippi,2016,1209357,485131,700714,democrat,40.91015267593994,44.19810080121222,FALSE,FALSE,TRUE
Missouri,1988,2093228,1001619,1084953,republican,51.99691168097722,60.024750667877036,TRUE,FALSE,TRUE
Missouri,1988,2093228,1001619,1084953,democrat,48.00308831902278,39.975249332122964,FALSE,FALSE,FALSE
Missouri,1992,2391270,1053873,811159,republican,43.49303389968644,51.99691168097722,FALSE,TRUE,TRUE
Missouri,1992,2391270,1053873,811159,democrat,56.50696610031356,48.00308831902278,TRUE,FALSE,FALSE
Missouri,1996,2158065,1025935,890016,republican,46.45296252357184,43.49303389968644,FALSE,FALSE,FALSE
Missouri,1996,2158065,1025935,890016,democrat,53.54703747642815,56.50696610031356,TRUE,TRUE,TRUE
Missouri,2000,2359892,1111138,1189924,republican,51.711948656750664,46.45296252357184,TRUE,FALSE,FALSE
Missouri,2000,2359892,1111138,1189924,democrat,48.288051343249336,53.54703747642815,FALSE,FALSE,TRUE
Missouri,2004,2731364,1259171,1455713,republican,53.61971266543984,51.711948656750664,TRUE,TRUE,TRUE
Missouri,2004,2731364,1259171,1455713,democrat,46.38028733456015,48.288051343249336,FALSE,FALSE,FALSE
Missouri,2008,2925205,1441911,1445814,republican,50.06757914967665,53.61971266543984,FALSE,FALSE,TRUE
Missouri,2008,2925205,1441911,1445814,democrat,49.93242085032335,46.38028733456015,TRUE,FALSE,FALSE
Missouri,2012,2757323,1223796,1482440,republican,54.778666753379966,50.06757914967665,FALSE,FALSE,FALSE
Missouri,2012,2757323,1223796,1482440,democrat,45.22133324662003,49.93242085032335,TRUE,TRUE,TRUE
Missouri,2016,2808605,1071068,1594511,republican,59.81856099556606,54.778666753379966,TRUE,FALSE,FALSE
Missouri,2016,2808605,1071068,1594511,democrat,40.18143900443393,45.22133324662003,FALSE,FALSE,TRUE
Montana,1988,365674,168936,190412,republican,52.98818972138428,61.301398763687,TRUE,FALSE,TRUE
Montana,1988,365674,168936,190412,democrat,47.01181027861572,38.698601236313,FALSE,FALSE,FALSE
Montana,1992,410583,154507,144207,republican,48.2759428751247,52.98818972138428,FALSE,TRUE,TRUE
Montana,1992,410583,154507,144207,democrat,51.7240571248753,47.01181027861572,TRUE,FALSE,FALSE
Montana,1996,407083,167922,179652,republican,51.68741045072416,48.2759428751247,FALSE,FALSE,FALSE
Montana,1996,407083,167922,179652,democrat,48.312589549275835,51.7240571248753,TRUE,TRUE,TRUE
Montana,2000,410986,137126,240178,republican,63.656361978669715,51.68741045072416,TRUE,FALSE,FALSE
Montana,2000,410986,137126,240178,democrat,36.343638021330285,48.312589549275835,FALSE,FALSE,TRUE
Montana,2004,450434,173710,266063,republican,60.50007617566335,63.656361978669715,TRUE,TRUE,TRUE
Montana,2004,450434,173710,266063,democrat,39.49992382433665,36.343638021330285,FALSE,FALSE,FALSE
Montana,2008,490109,231667,242763,republican,51.16940328394073,60.50007617566335,FALSE,FALSE,TRUE
Montana,2008,490109,231667,242763,democrat,48.83059671605927,39.49992382433665,TRUE,FALSE,FALSE
Montana,2012,484048,201839,267928,republican,57.03423186388146,51.16940328394073,FALSE,FALSE,FALSE
Montana,2012,484048,201839,267928,democrat,42.96576813611854,48.83059671605927,TRUE,TRUE,TRUE
Montana,2016,494526,177709,279240,republican,61.10966431702444,57.03423186388146,TRUE,FALSE,FALSE
Montana,2016,494526,177709,279240,democrat,38.89033568297556,42.96576813611854,FALSE,FALSE,TRUE
Nebraska,1988,661465,259235,397956,republican,60.5540854941714,71.004753673293,TRUE,FALSE,TRUE
Nebraska,1988,661465,259235,397956,democrat,39.4459145058286,28.995246326707004,FALSE,FALSE,FALSE
Nebraska,1992,737546,216864,343678,republican,61.311730432331565,60.5540854941714,FALSE,TRUE,TRUE
Nebraska,1992,737546,216864,343678,democrat,38.688269567668435,39.4459145058286,TRUE,FALSE,FALSE
Nebraska,1996,677415,236761,363467,republican,60.55482250078303,61.311730432331565,FALSE,FALSE,FALSE
Nebraska,1996,677415,236761,363467,democrat,39.44517749921697,38.688269567668435,TRUE,TRUE,TRUE
Nebraska,2000,697019,231780,433862,republican,65.17948086208503,60.55482250078303,TRUE,FALSE,FALSE
Nebraska,2000,697019,231780,433862,democrat,34.82051913791497,39.44517749921697,FALSE,FALSE,TRUE
Nebraska,2004,778186,254328,512814,republican,66.84733725959471,65.17948086208503,TRUE,TRUE,TRUE
Nebraska,2004,778186,254328,512814,democrat,33.1526627404053,34.82051913791497,FALSE,FALSE,FALSE
Nebraska,2008,801281,333319,452979,republican,57.60907442216564,66.84733725959471,FALSE,FALSE,TRUE
Nebraska,2008,801281,333319,452979,democrat,42.39092557783436,33.1526627404053,TRUE,FALSE,FALSE
Nebraska,2012,794379,302081,475064,republican,61.12939026822536,57.60907442216564,FALSE,FALSE,FALSE
Nebraska,2012,794379,302081,475064,democrat,38.870609731774636,42.39092557783436,TRUE,TRUE,TRUE
Nebraska,2016,844227,284494,495961,republican,63.547674113177564,61.12939026822536,TRUE,FALSE,FALSE
Nebraska,2016,844227,284494,495961,democrat,36.45232588682243,38.870609731774636,FALSE,FALSE,TRUE
Nevada,1988,343133,132738,206040,republican,60.81858916458566,67.31568155478291,TRUE,FALSE,TRUE
Nevada,1988,343133,132738,206040,democrat,39.18141083541434,32.68431844521708,FALSE,FALSE,FALSE
Nevada,1992,506318,189148,175828,republican,48.175222480382274,60.81858916458566,FALSE,TRUE,TRUE
Nevada,1992,506318,189148,175828,democrat,51.824777519617726,39.18141083541434,TRUE,FALSE,FALSE
Nevada,1996,464279,203974,199244,republican,49.41346864475296,48.175222480382274,FALSE,FALSE,FALSE
Nevada,1996,464279,203974,199244,democrat,50.58653135524703,51.824777519617726,TRUE,TRUE,TRUE
Nevada,2000,609426,279978,301575,republican,51.85683849967243,49.41346864475296,TRUE,FALSE,FALSE
Nevada,2000,609426,279978,301575,democrat,48.14316150032757,50.58653135524703,FALSE,FALSE,TRUE
Nevada,2004,829587,397190,418690,republican,51.3175957248615,51.85683849967243,TRUE,TRUE,TRUE
Nevada,2004,829587,397190,418690,democrat,48.6824042751385,48.14316150032757,FALSE,FALSE,FALSE
Nevada,2008,967848,533736,412827,republican,43.6132618748039,51.3175957248615,FALSE,FALSE,TRUE
Nevada,2008,967848,533736,412827,democrat,56.3867381251961,48.6824042751385,TRUE,FALSE,FALSE
Nevada,2012,1014918,531373,463567,republican,46.592457836653466,43.6132618748039,FALSE,FALSE,FALSE
Nevada,2012,1014918,531373,463567,democrat,53.407542163346534,56.3867381251961,TRUE,TRUE,TRUE
Nevada,2016,1125385,539260,512058,republican,48.7062905800148,46.592457836653466,TRUE,FALSE,FALSE
Nevada,2016,1125385,539260,512058,democrat,51.2937094199852,53.407542163346534,FALSE,FALSE,TRUE
New Hampshire,1988,450525,163696,281537,republican,63.23363272713388,68.93445225440568,TRUE,FALSE,TRUE
New Hampshire,1988,450525,163696,281537,democrat,36.76636727286612,31.065547745594312,FALSE,FALSE,FALSE
New Hampshire,1992,537215,209040,202484,republican,49.2034486445505,63.23363272713388,FALSE,TRUE,TRUE
New Hampshire,1992,537215,209040,202484,democrat,50.7965513554495,36.76636727286612,TRUE,FALSE,FALSE
New Hampshire,1996,496597,246166,196486,republican,44.38836828931079,49.2034486445505,FALSE,FALSE,FALSE
New Hampshire,1996,496597,246166,196486,democrat,55.61163171068921,50.7965513554495,TRUE,TRUE,TRUE
New Hampshire,2000,569081,266348,273559,republican,50.6678001952188,44.38836828931079,TRUE,FALSE,FALSE
New Hampshire,2000,569081,266348,273559,democrat,49.3321998047812,55.61163171068921,FALSE,FALSE,TRUE
New Hampshire,2004,678287,340511,331237,republican,49.309711379862684,50.6678001952188,TRUE,TRUE,TRUE
New Hampshire,2004,678287,340511,331237,democrat,50.690288620137316,49.3321998047812,FALSE,FALSE,FALSE
New Hampshire,2008,710970,384826,316534,republican,45.131458879890495,49.309711379862684,FALSE,FALSE,TRUE
New Hampshire,2008,710970,384826,316534,democrat,54.868541120109505,50.690288620137316,TRUE,FALSE,FALSE
New Hampshire,2012,710972,369561,329918,republican,47.16624802174189,45.131458879890495,FALSE,FALSE,FALSE
New Hampshire,2012,710972,369561,329918,democrat,52.83375197825811,54.868541120109505,TRUE,TRUE,TRUE
New Hampshire,2016,744296,348526,345790,republican,49.802971557619294,47.16624802174189,TRUE,FALSE,FALSE
New Hampshire,2016,744296,348526,345790,democrat,50.1970284423807,52.83375197825811,FALSE,FALSE,TRUE
New Jersey,1988,3099553,1320352,1743192,republican,56.90115761353517,60.52139108149635,TRUE,FALSE,TRUE
New Jersey,1988,3099553,1320352,1743192,democrat,43.098842386464824,39.47860891850365,FALSE,FALSE,FALSE
New Jersey,1992,3343594,1436206,1356865,republican,48.579681647906554,56.90115761353517,FALSE,TRUE,TRUE
New Jersey,1992,3343594,1436206,1356865,democrat,51.42031835209345,43.098842386464824,TRUE,FALSE,FALSE
New Jersey,1996,3075860,1652361,1103099,republican,40.0332067966873,48.579681647906554,FALSE,FALSE,FALSE
New Jersey,1996,3075860,1652361,1103099,democrat,59.9667932033127,51.42031835209345,TRUE,TRUE,TRUE
New Jersey,2000,3187226,1788850,1284173,republican,41.788590583279074,40.0332067966873,TRUE,FALSE,FALSE
New Jersey,2000,3187226,1788850,1284173,democrat,58.211409416720926,59.9667932033127,FALSE,FALSE,TRUE
New Jersey,2004,3611691,1911430,1670003,republican,46.629463681157794,41.788590583279074,TRUE,TRUE,TRUE
New Jersey,2004,3611691,1911430,1670003,democrat,53.37053631884221,58.211409416720926,FALSE,FALSE,FALSE
New Jersey,2008,3868237,2215422,1613207,republican,42.13537012857605,46.629463681157794,FALSE,FALSE,TRUE
New Jersey,2008,3868237,2215422,1613207,democrat,57.864629871423944,53.37053631884221,TRUE,FALSE,FALSE
New Jersey,2012,3638499,2122786,1478088,republican,41.04803444941423,42.13537012857605,FALSE,FALSE,FALSE
New Jersey,2012,3638499,2122786,1478088,democrat,58.95196555058577,57.864629871423944,TRUE,TRUE,TRUE
New Jersey,2016,3874046,2148278,1601933,republican,42.715809857098705,41.04803444941423,TRUE,FALSE,FALSE
New Jersey,2016,3874046,2148278,1601933,democrat,57.284190142901295,58.95196555058577,FALSE,FALSE,TRUE
New Mexico,1988,521387,244497,270341,republican,52.509915740485354,60.349598129188195,TRUE,FALSE,TRUE
New Mexico,1988,521387,244497,270341,democrat,47.490084259514646,39.6504018708118,FALSE,FALSE,FALSE
New Mexico,1992,569986,261617,212824,republican,44.857843230243596,52.509915740485354,FALSE,TRUE,TRUE
New Mexico,1992,569986,261617,212824,democrat,55.14215676975641,47.490084259514646,TRUE,FALSE,FALSE
New Mexico,1996,556074,273495,232751,republican,45.97586943896841,44.857843230243596,FALSE,FALSE,FALSE
New Mexico,1996,556074,273495,232751,democrat,54.02413056103159,55.14215676975641,TRUE,TRUE,TRUE
New Mexico,2000,598605,286783,286417,republican,49.96807397069086,45.97586943896841,TRUE,FALSE,FALSE
New Mexico,2000,598605,286783,286417,democrat,50.03192602930914,54.02413056103159,FALSE,FALSE,TRUE
New Mexico,2004,756304,370942,376930,republican,50.40033588635489,49.96807397069086,TRUE,TRUE,TRUE
New Mexico,2004,756304,370942,376930,democrat,49.59966411364511,50.03192602930914,FALSE,FALSE,FALSE
New Mexico,2008,830158,472422,346832,republican,42.33509998120241,50.40033588635489,FALSE,FALSE,TRUE
New Mexico,2008,830158,472422,346832,democrat,57.664900018797596,49.59966411364511,TRUE,FALSE,FALSE
New Mexico,2012,783758,415335,335788,republican,44.704795353091306,42.33509998120241,FALSE,FALSE,FALSE
New Mexico,2012,783758,415335,335788,democrat,55.295204646908694,57.664900018797596,TRUE,TRUE,TRUE
New Mexico,2016,798319,385234,319667,republican,45.34920506567589,44.704795353091306,TRUE,FALSE,FALSE
New Mexico,2016,798319,385234,319667,democrat,54.65079493432411,55.295204646908694,FALSE,FALSE,TRUE
New York,1988,6485683,3255487,2838414,republican,46.57794736081207,52.9417178702889,TRUE,FALSE,TRUE
New York,1988,6485683,3255487,2838414,democrat,53.42205263918793,47.0582821297111,FALSE,FALSE,FALSE
New York,1992,7079432,3346894,2041690,republican,37.88917459577507,46.57794736081207,FALSE,TRUE,TRUE
New York,1992,7079432,3346894,2041690,democrat,62.11082540422493,53.42205263918793,TRUE,FALSE,FALSE
New York,1996,6439129,3649630,1738707,republican,32.26797061876419,37.88917459577507,FALSE,FALSE,FALSE
New York,1996,6439129,3649630,1738707,democrat,67.7320293812358,62.11082540422493,TRUE,TRUE,TRUE
New York,2000,6960215,3942215,2258577,republican,36.42400841698931,32.26797061876419,TRUE,FALSE,FALSE
New York,2000,6960215,3942215,2258577,democrat,63.57599158301068,67.7320293812358,FALSE,FALSE,TRUE
New York,2004,7448266,4180755,2806993,republican,40.170209343553886,36.42400841698931,TRUE,TRUE,TRUE
New York,2004,7448266,4180755,2806993,democrat,59.829790656446114,63.57599158301068,FALSE,FALSE,FALSE
New York,2008,7722019,4645332,2418323,republican,34.23614262021574,40.170209343553886,FALSE,FALSE,TRUE
New York,2008,7722019,4645332,2418323,democrat,65.76385737978427,59.829790656446114,TRUE,FALSE,FALSE
New York,2012,7116784,4324228,2223397,republican,33.957305129722606,34.23614262021574,FALSE,FALSE,FALSE
New York,2012,7116784,4324228,2223397,democrat,66.04269487027739,65.76385737978427,TRUE,TRUE,TRUE
New York,2016,7802084,4379789,2527142,republican,36.58849350022463,33.957305129722606,TRUE,FALSE,FALSE
New York,2016,7802084,4379789,2527142,democrat,63.41150649977537,66.04269487027739,FALSE,FALSE,TRUE
North Carolina,1988,2134370,890167,1237258,republican,58.15753786855,62.02786294988686,TRUE,FALSE,TRUE
North Carolina,1988,2134370,890167,1237258,democrat,41.84246213144999,37.97213705011314,FALSE,FALSE,FALSE
North Carolina,1992,2611850,1114042,1134661,republican,50.45846427918671,58.15753786855,FALSE,TRUE,TRUE
North Carolina,1992,2611850,1114042,1134661,democrat,49.541535720813286,41.84246213144999,TRUE,FALSE,FALSE
North Carolina,1996,2515807,1107849,1225938,republican,52.52998666973464,50.45846427918671,FALSE,FALSE,FALSE
North Carolina,1996,2515807,1107849,1225938,democrat,47.47001333026536,49.541535720813286,TRUE,TRUE,TRUE
North Carolina,2000,2914990,1257692,1631163,republican,56.46399698150305,52.52998666973464,TRUE,FALSE,FALSE
North Carolina,2000,2914990,1257692,1631163,democrat,43.53600301849695,47.47001333026536,FALSE,FALSE,TRUE
North Carolina,2004,3501007,1525849,1961166,republican,56.24197200184111,56.46399698150305,TRUE,TRUE,TRUE
North Carolina,2004,3501007,1525849,1961166,democrat,43.75802799815888,43.53600301849695,FALSE,FALSE,FALSE
North Carolina,2008,4310851,2142651,2128474,republican,49.83403669993269,56.24197200184111,FALSE,FALSE,TRUE
North Carolina,2008,4310851,2142651,2128474,democrat,50.16596330006732,43.75802799815888,TRUE,FALSE,FALSE
North Carolina,2012,4505372,2178391,2270395,republican,51.034034903005,49.83403669993269,FALSE,FALSE,FALSE
North Carolina,2012,4505372,2178391,2270395,democrat,48.965965096995,50.16596330006732,TRUE,TRUE,TRUE
North Carolina,2016,4741564,2189316,2362631,republican,51.903745803718714,51.034034903005,TRUE,FALSE,FALSE
North Carolina,2016,4741564,2189316,2362631,democrat,48.096254196281286,48.965965096995,FALSE,FALSE,TRUE
North Dakota,1988,297261,127739,166559,republican,56.59535572786767,65.73458238314767,TRUE,FALSE,TRUE
North Dakota,1988,297261,127739,166559,democrat,43.40464427213233,34.265417616852325,FALSE,FALSE,FALSE
North Dakota,1992,308133,99168,136244,republican,57.87470477290877,56.59535572786767,FALSE,TRUE,TRUE
North Dakota,1992,308133,99168,136244,democrat,42.12529522709122,43.40464427213233,TRUE,FALSE,FALSE
North Dakota,1996,266411,106905,125050,republican,53.91131900584165,57.87470477290877,FALSE,FALSE,FALSE
North Dakota,1996,266411,106905,125050,democrat,46.08868099415835,42.12529522709122,TRUE,TRUE,TRUE
North Dakota,2000,288256,95284,174852,republican,64.72739657061628,53.91131900584165,TRUE,FALSE,FALSE
North Dakota,2000,288256,95284,174852,democrat,35.27260342938372,46.08868099415835,FALSE,FALSE,TRUE
North Dakota,2004,312833,111052,196651,republican,63.90935414994329,64.72739657061628,TRUE,TRUE,TRUE
North Dakota,2004,312833,111052,196651,democrat,36.09064585005671,35.27260342938372,FALSE,FALSE,FALSE
North Dakota,2008,316621,141278,168601,republican,54.40865628196813,63.90935414994329,FALSE,FALSE,TRUE
North Dakota,2008,316621,141278,168601,democrat,45.59134371803188,36.09064585005671,TRUE,FALSE,FALSE
North Dakota,2012,322932,124966,188320,republican,60.11120828891173,54.40865628196813,FALSE,FALSE,FALSE
North Dakota,2012,322932,124966,188320,democrat,39.888791711088274,45.59134371803188,TRUE,TRUE,TRUE
North Dakota,2016,344360,93758,216794,republican,69.80924289651973,60.11120828891173,TRUE,FALSE,FALSE
North Dakota,2016,344360,93758,216794,democrat,30.190757103480255,39.888791711088274,FALSE,FALSE,TRUE
Ohio,1988,4393585,1939629,2416549,republican,55.474064650250746,59.47068371906832,TRUE,FALSE,TRUE
Ohio,1988,4393585,1939629,2416549,democrat,44.525935349749254,40.529316280931674,FALSE,FALSE,FALSE
Ohio,1992,4939967,1984942,1894310,republican,48.831836653045485,55.474064650250746,FALSE,TRUE,TRUE
Ohio,1992,4939967,1984942,1894310,democrat,51.16816334695452,44.525935349749254,TRUE,FALSE,FALSE
Ohio,1996,4534434,2148222,1859883,republican,46.40305081827946,48.831836653045485,FALSE,FALSE,FALSE
Ohio,1996,4534434,2148222,1859883,democrat,53.59694918172055,51.16816334695452,TRUE,TRUE,TRUE
Ohio,2000,4701998,2183628,2350363,republican,51.83872222066608,46.40305081827946,TRUE,FALSE,FALSE
Ohio,2000,4701998,2183628,2350363,democrat,48.16127777933392,53.59694918172055,FALSE,FALSE,TRUE
Ohio,2004,5627903,2741165,2859764,republican,51.058744004789204,51.83872222066608,TRUE,TRUE,TRUE
Ohio,2004,5627903,2741165,2859764,democrat,48.94125599521079,48.16127777933392,FALSE,FALSE,FALSE
Ohio,2008,5708350,2940044,2677820,republican,47.66615923774587,51.058744004789204,FALSE,FALSE,TRUE
Ohio,2008,5708350,2940044,2677820,democrat,52.33384076225413,48.94125599521079,TRUE,FALSE,FALSE
Ohio,2012,5580822,2827621,2661407,republican,48.48594323075051,47.66615923774587,FALSE,FALSE,FALSE
Ohio,2012,5580822,2827621,2661407,democrat,51.51405676924949,52.33384076225413,TRUE,TRUE,TRUE
Ohio,2016,5496487,2394164,2841005,republican,54.26768457713591,48.48594323075051,TRUE,FALSE,FALSE
Ohio,2016,5496487,2394164,2841005,democrat,45.7323154228641,51.51405676924949,FALSE,FALSE,TRUE
Oklahoma,1988,1171036,483423,678367,republican,58.38981227244167,69.10982584769896,TRUE,FALSE,TRUE
Oklahoma,1988,1171036,483423,678367,democrat,41.61018772755833,30.890174152301043,FALSE,FALSE,FALSE
Oklahoma,1992,1390359,473066,592929,republican,55.62211830261868,58.38981227244167,FALSE,TRUE,TRUE
Oklahoma,1992,1390359,473066,592929,democrat,44.37788169738132,41.61018772755833,TRUE,FALSE,FALSE
Oklahoma,1996,1206713,488105,582315,republican,54.40060910670578,55.62211830261868,FALSE,FALSE,FALSE
Oklahoma,1996,1206713,488105,582315,democrat,45.59939089329422,44.37788169738132,TRUE,TRUE,TRUE
Oklahoma,2000,1234229,474276,744337,republican,61.08067122211892,54.40060910670578,TRUE,FALSE,FALSE
Oklahoma,2000,1234229,474276,744337,democrat,38.919328777881084,45.59939089329422,FALSE,FALSE,TRUE
Oklahoma,2004,1463758,503966,959792,republican,65.57040166475606,61.08067122211892,TRUE,TRUE,TRUE
Oklahoma,2004,1463758,503966,959792,democrat,34.42959833524394,38.919328777881084,FALSE,FALSE,FALSE
Oklahoma,2008,1462661,502496,960165,republican,65.64508112269351,65.57040166475606,FALSE,FALSE,TRUE
Oklahoma,2008,1462661,502496,960165,democrat,34.3549188773065,34.42959833524394,TRUE,FALSE,FALSE
Oklahoma,2012,1334872,443547,891325,republican,66.77231974301657,65.64508112269351,FALSE,FALSE,FALSE
Oklahoma,2012,1334872,443547,891325,democrat,33.22768025698344,34.3549188773065,TRUE,TRUE,TRUE
Oklahoma,2016,1452992,420375,949136,republican,69.30473723832813,66.77231974301657,TRUE,FALSE,FALSE
Oklahoma,2016,1452992,420375,949136,democrat,30.695262761671867,33.22768025698344,FALSE,FALSE,TRUE
Oregon,1988,1201694,616206,560126,republican,47.61631920240204,56.104711339337364,TRUE,FALSE,TRUE
Oregon,1988,1201694,616206,560126,democrat,52.383680797597954,43.89528866066264,FALSE,FALSE,FALSE
Oregon,1992,1462643,621314,475757,republican,43.36610848340718,47.61631920240204,FALSE,TRUE,TRUE
Oregon,1992,1462643,621314,475757,democrat,56.63389151659282,52.383680797597954,TRUE,FALSE,FALSE
Oregon,1996,1377760,649641,538152,republican,45.30688428034178,43.36610848340718,FALSE,FALSE,FALSE
Oregon,1996,1377760,649641,538152,democrat,54.69311571965822,56.63389151659282,TRUE,TRUE,TRUE
Oregon,2000,1533950,720342,713577,republican,49.764108014469436,45.30688428034178,TRUE,FALSE,FALSE
Oregon,2000,1533950,720342,713577,democrat,50.235891985530564,54.69311571965822,FALSE,FALSE,TRUE
Oregon,2004,1836782,943163,866831,republican,47.891374225549924,49.764108014469436,TRUE,TRUE,TRUE
Oregon,2004,1836782,943163,866831,democrat,52.108625774450076,50.235891985530564,FALSE,FALSE,FALSE
Oregon,2008,1827864,1037291,738475,republican,41.58627882277282,47.891374225549924,FALSE,FALSE,TRUE
Oregon,2008,1827864,1037291,738475,democrat,58.41372117722719,52.108625774450076,TRUE,FALSE,FALSE
Oregon,2012,1789270,970488,754175,republican,43.72883282125262,41.58627882277282,FALSE,FALSE,FALSE
Oregon,2012,1789270,970488,754175,democrat,56.27116717874738,58.41372117722719,TRUE,TRUE,TRUE
Oregon,2016,2001336,1002106,782403,republican,43.844161054945644,43.72883282125262,TRUE,FALSE,FALSE
Oregon,2016,2001336,1002106,782403,democrat,56.155838945054356,56.27116717874738,FALSE,FALSE,TRUE
Pennsylvania,1988,4536251,2194944,2300087,republican,51.16954699533775,53.70073147712166,TRUE,FALSE,TRUE
Pennsylvania,1988,4536251,2194944,2300087,democrat,48.83045300466226,46.29926852287835,FALSE,FALSE,FALSE
Pennsylvania,1992,4959810,2239164,1791841,republican,44.451470538984694,51.16954699533775,FALSE,TRUE,TRUE
Pennsylvania,1992,4959810,2239164,1791841,democrat,55.548529461015306,48.83045300466226,TRUE,FALSE,FALSE
Pennsylvania,1996,4501307,2215819,1801169,republican,44.83879463916745,44.451470538984694,FALSE,FALSE,FALSE
Pennsylvania,1996,4501307,2215819,1801169,democrat,55.16120536083255,55.548529461015306,TRUE,TRUE,TRUE
Pennsylvania,2000,4912185,2485967,2281127,republican,47.85152128319685,44.83879463916745,TRUE,FALSE,FALSE
Pennsylvania,2000,4912185,2485967,2281127,democrat,52.14847871680315,55.16120536083255,FALSE,FALSE,TRUE
Pennsylvania,2004,5769590,2938095,2793847,republican,48.74171790293761,47.85152128319685,TRUE,TRUE,TRUE
Pennsylvania,2004,5769590,2938095,2793847,democrat,51.25828209706239,52.14847871680315,FALSE,FALSE,FALSE
Pennsylvania,2008,6013272,3276363,2655885,republican,44.77029618451555,48.74171790293761,FALSE,FALSE,TRUE
Pennsylvania,2008,6013272,3276363,2655885,democrat,55.229703815484456,51.25828209706239,TRUE,FALSE,FALSE
Pennsylvania,2012,5742040,2990274,2680434,republican,47.26806599810817,44.77029618451555,FALSE,FALSE,FALSE
Pennsylvania,2012,5742040,2990274,2680434,democrat,52.73193400189182,55.229703815484456,TRUE,TRUE,TRUE
Pennsylvania,2016,6115402,2926441,2970733,republican,50.37553580749017,47.26806599810817,TRUE,FALSE,FALSE
Pennsylvania,2016,6115402,2926441,2970733,democrat,49.62446419250984,52.73193400189182,FALSE,FALSE,TRUE
Rhode Island,1988,404622,225123,177761,republican,44.12212944668937,51.82973024492529,TRUE,FALSE,TRUE
Rhode Island,1988,404622,225123,177761,democrat,55.87787055331063,48.170269755074706,FALSE,FALSE,FALSE
Rhode Island,1992,453365,213299,131601,republican,38.15627718179183,44.12212944668937,FALSE,TRUE,TRUE
Rhode Island,1992,453365,213299,131601,democrat,61.84372281820818,55.87787055331063,TRUE,FALSE,FALSE
Rhode Island,1996,390247,233050,104683,republican,30.99578661250159,38.15627718179183,FALSE,FALSE,FALSE
Rhode Island,1996,390247,233050,104683,democrat,69.0042133874984,61.84372281820818,TRUE,TRUE,TRUE
Rhode Island,2000,409112,249508,130555,republican,34.350883932400684,30.99578661250159,TRUE,FALSE,FALSE
Rhode Island,2000,409112,249508,130555,democrat,65.64911606759932,69.0042133874984,FALSE,FALSE,TRUE
Rhode Island,2004,437134,259760,169046,republican,39.42248942412186,34.350883932400684,TRUE,TRUE,TRUE
Rhode Island,2004,437134,259760,169046,democrat,60.57751057587814,65.64911606759932,FALSE,FALSE,FALSE
Rhode Island,2008,471766,296571,165391,republican,35.801862490854226,39.42248942412186,FALSE,FALSE,TRUE
Rhode Island,2008,471766,296571,165391,democrat,64.19813750914577,60.57751057587814,TRUE,FALSE,FALSE
Rhode Island,2012,446049,279677,157204,republican,35.98325402111788,35.801862490854226,FALSE,FALSE,FALSE
Rhode Island,2012,446049,279677,157204,democrat,64.01674597888211,64.19813750914577,TRUE,TRUE,TRUE
Rhode Island,2016,464144,252525,180543,republican,41.68929590734018,35.98325402111788,TRUE,FALSE,FALSE
Rhode Island,2016,464144,252525,180543,democrat,58.31070409265982,64.01674597888211,FALSE,FALSE,TRUE
South Carolina,1988,986009,370554,606443,republican,62.072145564418314,64.11877941412378,TRUE,FALSE,TRUE
South Carolina,1988,986009,370554,606443,democrat,37.927854435581686,35.88122058587622,FALSE,FALSE,FALSE
South Carolina,1992,1228912,525514,577507,republican,52.35684542724029,62.072145564418314,FALSE,TRUE,TRUE
South Carolina,1992,1228912,525514,577507,democrat,47.64315457275972,37.927854435581686,TRUE,FALSE,FALSE
South Carolina,1996,1150182,506152,573339,republican,53.111975921985454,52.35684542724029,FALSE,FALSE,FALSE
South Carolina,1996,1150182,506152,573339,democrat,46.888024078014546,47.64315457275972,TRUE,TRUE,TRUE
South Carolina,2000,1383902,566037,786892,republican,58.162106067650264,53.111975921985454,TRUE,FALSE,FALSE
South Carolina,2000,1383902,566037,786892,democrat,41.83789393234974,46.888024078014546,FALSE,FALSE,TRUE
South Carolina,2004,1617700,661669,937974,republican,58.636458259749205,58.162106067650264,TRUE,TRUE,TRUE
South Carolina,2004,1617700,661669,937974,democrat,41.363541740250795,41.83789393234974,FALSE,FALSE,FALSE
South Carolina,2008,1920969,862449,1034896,republican,54.54442918920913,58.636458259749205,FALSE,FALSE,TRUE
South Carolina,2008,1920969,862449,1034896,democrat,45.45557081079087,41.363541740250795,TRUE,FALSE,FALSE
South Carolina,2012,1964118,865941,1071645,republican,55.30825470456537,54.54442918920913,FALSE,FALSE,FALSE
South Carolina,2012,1964118,865941,1071645,democrat,44.69174529543463,45.45557081079087,TRUE,TRUE,TRUE
South Carolina,2016,2103027,855373,1155389,republican,57.46025636052402,55.30825470456537,TRUE,FALSE,FALSE
South Carolina,2016,2103027,855373,1155389,democrat,42.53974363947598,44.69174529543463,FALSE,FALSE,TRUE
South Dakota,1988,312991,145560,165415,republican,53.19237880858589,63.29951324356786,TRUE,FALSE,TRUE
South Dakota,1988,312991,145560,165415,democrat,46.8076211914141,36.70048675643214,FALSE,FALSE,FALSE
South Dakota,1992,336254,124888,136718,republican,52.26103376833865,53.19237880858589,FALSE,TRUE,TRUE
South Dakota,1992,336254,124888,136718,democrat,47.73896623166135,46.8076211914141,TRUE,FALSE,FALSE
South Dakota,1996,323826,139333,150543,republican,51.93358539513447,52.26103376833865,FALSE,FALSE,FALSE
South Dakota,1996,323826,139333,150543,democrat,48.06641460486553,47.73896623166135,TRUE,TRUE,TRUE
South Dakota,2000,316269,118804,190700,republican,61.61471257237386,51.93358539513447,TRUE,FALSE,FALSE
South Dakota,2000,316269,118804,190700,democrat,38.38528742762614,48.06641460486553,FALSE,FALSE,TRUE
South Dakota,2004,388215,149244,232584,republican,60.91329080109369,61.61471257237386,TRUE,TRUE,TRUE
South Dakota,2004,388215,149244,232584,democrat,39.08670919890632,38.38528742762614,FALSE,FALSE,FALSE
South Dakota,2008,381975,170924,203054,republican,54.295707234115376,60.91329080109369,FALSE,FALSE,TRUE
South Dakota,2008,381975,170924,203054,democrat,45.704292765884624,39.08670919890632,TRUE,FALSE,FALSE
South Dakota,2012,363815,145039,210610,republican,59.21849913819525,54.295707234115376,FALSE,FALSE,FALSE
South Dakota,2012,363815,145039,210610,democrat,40.78150086180476,45.704292765884624,TRUE,TRUE,TRUE
South Dakota,2016,370093,117458,227721,republican,65.97185807943126,59.21849913819525,TRUE,FALSE,FALSE
South Dakota,2016,370093,117458,227721,democrat,34.02814192056875,40.78150086180476,FALSE,FALSE,TRUE
Tennessee,1988,1636250,679794,947233,republican,58.218640501970775,58.181848094452995,TRUE,FALSE,TRUE
Tennessee,1988,1636250,679794,947233,democrat,41.78135949802923,41.818151905547005,FALSE,FALSE,FALSE
Tennessee,1992,1982638,933521,841300,republican,47.40196335292404,58.218640501970775,FALSE,TRUE,TRUE
Tennessee,1992,1982638,933521,841300,democrat,52.598036647075965,41.78135949802923,TRUE,FALSE,FALSE
Tennessee,1996,1894105,909146,863530,republican,48.713357658139444,47.40196335292404,FALSE,FALSE,FALSE
Tennessee,1996,1894105,909146,863530,democrat,51.286642341860556,52.598036647075965,TRUE,TRUE,TRUE
Tennessee,2000,2076181,981720,1061949,republican,51.96286678517901,48.713357658139444,TRUE,FALSE,FALSE
Tennessee,2000,2076181,981720,1061949,democrat,48.03713321482099,51.286642341860556,FALSE,FALSE,TRUE
Tennessee,2004,2437319,1036477,1384375,republican,57.18544545474072,51.96286678517901,TRUE,TRUE,TRUE
Tennessee,2004,2437319,1036477,1384375,democrat,42.81455454525927,48.03713321482099,FALSE,FALSE,FALSE
Tennessee,2008,2599749,1087437,1479178,republican,57.63147180235446,57.18544545474072,FALSE,FALSE,TRUE
Tennessee,2008,2599749,1087437,1479178,democrat,42.36852819764554,42.81455454525927,TRUE,FALSE,FALSE
Tennessee,2012,2458577,960709,1462330,republican,60.35107152629404,57.63147180235446,FALSE,FALSE,FALSE
Tennessee,2012,2458577,960709,1462330,democrat,39.64892847370595,42.36852819764554,TRUE,TRUE,TRUE
Tennessee,2016,2508027,870695,1522925,republican,63.62434304526199,60.35107152629404,TRUE,FALSE,FALSE
Tennessee,2016,2508027,870695,1522925,democrat,36.37565695473801,39.64892847370595,FALSE,FALSE,TRUE
Texas,1988,5427410,2352748,3036829,republican,56.34633293113727,63.78630517301341,TRUE,FALSE,TRUE
Texas,1988,5427410,2352748,3036829,democrat,43.65366706886273,36.21369482698659,FALSE,FALSE,FALSE
Texas,1992,6154018,2281815,2496071,republican,52.2421631658855,56.34633293113727,FALSE,TRUE,TRUE
Texas,1992,6154018,2281815,2496071,democrat,47.75783683411451,43.65366706886273,TRUE,FALSE,FALSE
Texas,1996,5611644,2459683,2736167,republican,52.660623382122274,52.2421631658855,FALSE,FALSE,FALSE
Texas,1996,5611644,2459683,2736167,democrat,47.33937661787773,47.75783683411451,TRUE,TRUE,TRUE
Texas,2000,6407637,2433746,3799639,republican,60.95627014856294,52.660623382122274,TRUE,FALSE,FALSE
Texas,2000,6407637,2433746,3799639,democrat,39.04372985143706,47.33937661787773,FALSE,FALSE,TRUE
Texas,2004,7410749,2832704,4526917,republican,61.51019189710992,60.95627014856294,TRUE,TRUE,TRUE
Texas,2004,7410749,2832704,4526917,democrat,38.48980810289008,39.04372985143706,FALSE,FALSE,FALSE
Texas,2008,8077795,3528633,4479328,republican,55.93593675094072,61.51019189710992,FALSE,FALSE,TRUE
Texas,2008,8077795,3528633,4479328,democrat,44.06406324905928,38.48980810289008,TRUE,FALSE,FALSE
Texas,2012,7993851,3308124,4569843,republican,58.00789721510638,55.93593675094072,FALSE,FALSE,FALSE
Texas,2012,7993851,3308124,4569843,democrat,41.99210278489362,44.06406324905928,TRUE,TRUE,TRUE
Texas,2016,8969226,3877868,4685047,republican,54.71322557797199,58.00789721510638,TRUE,FALSE,FALSE
Texas,2016,8969226,3877868,4685047,democrat,45.28677442202802,41.99210278489362,FALSE,FALSE,TRUE
Utah,1988,647008,207343,428442,republican,67.38787483190072,75.12002100968175,TRUE,FALSE,TRUE
Utah,1988,647008,207343,428442,democrat,32.612125168099276,24.879978990318254,FALSE,FALSE,FALSE
Utah,1992,743998,183429,322632,republican,63.75357911398033,67.38787483190072,FALSE,TRUE,TRUE
Utah,1992,743998,183429,322632,democrat,36.24642088601967,32.612125168099276,TRUE,FALSE,FALSE
Utah,1996,665629,221633,361911,republican,62.019487819256135,63.75357911398033,FALSE,FALSE,FALSE
Utah,1996,665629,221633,361911,democrat,37.98051218074387,36.24642088601967,TRUE,TRUE,TRUE
Utah,2000,770754,203053,515096,republican,71.72550543132414,62.019487819256135,TRUE,FALSE,FALSE
Utah,2000,770754,203053,515096,democrat,28.274494568675863,37.98051218074387,FALSE,FALSE,TRUE
Utah,2004,927844,241199,663742,republican,73.34643916012205,71.72550543132414,TRUE,TRUE,TRUE
Utah,2004,927844,241199,663742,democrat,26.65356083987796,28.274494568675863,FALSE,FALSE,FALSE
Utah,2008,952370,327670,596030,republican,64.52636137274007,73.34643916012205,FALSE,FALSE,TRUE
Utah,2008,952370,327670,596030,democrat,35.47363862725994,26.65356083987796,TRUE,FALSE,FALSE
Utah,2012,1017440,251813,740600,republican,74.62618889514748,64.52636137274007,FALSE,FALSE,FALSE
Utah,2012,1017440,251813,740600,democrat,25.373811104852518,35.47363862725994,TRUE,TRUE,TRUE
Utah,2016,1131317,310674,515211,republican,62.382898345411284,74.62618889514748,TRUE,FALSE,FALSE
Utah,2016,1131317,310674,515211,democrat,37.617101654588716,25.373811104852518,FALSE,FALSE,TRUE
Vermont,1988,243328,115775,124331,republican,51.781713076724444,58.664910727779095,TRUE,FALSE,TRUE
Vermont,1988,243328,115775,124331,democrat,48.218286923275556,41.335089272220905,FALSE,FALSE,FALSE
Vermont,1992,289701,133592,88122,republican,39.745798641493096,51.781713076724444,FALSE,TRUE,TRUE
Vermont,1992,289701,133592,88122,democrat,60.25420135850691,48.218286923275556,TRUE,FALSE,FALSE
Vermont,1996,258449,137894,80352,republican,36.81716961593798,39.745798641493096,FALSE,FALSE,FALSE
Vermont,1996,258449,137894,80352,democrat,63.182830384062015,60.25420135850691,TRUE,TRUE,TRUE
Vermont,2000,294308,149022,119775,republican,44.5596491032266,36.81716961593798,TRUE,FALSE,FALSE
Vermont,2000,294308,149022,119775,democrat,55.4403508967734,63.182830384062015,FALSE,FALSE,TRUE
Vermont,2004,312309,184067,121180,republican,39.69899786074883,44.5596491032266,TRUE,TRUE,TRUE
Vermont,2004,312309,184067,121180,democrat,60.30100213925116,55.4403508967734,FALSE,FALSE,FALSE
Vermont,2008,325046,219262,98974,republican,31.1008182606619,39.69899786074883,FALSE,FALSE,TRUE
Vermont,2008,325046,219262,98974,democrat,68.8991817393381,60.30100213925116,TRUE,FALSE,FALSE
Vermont,2012,299290,199239,92698,republican,31.752741173609373,31.1008182606619,FALSE,FALSE,FALSE
Vermont,2012,299290,199239,92698,democrat,68.24725882639062,68.8991817393381,TRUE,TRUE,TRUE
Vermont,2016,320467,178573,95369,republican,34.81357367617963,31.752741173609373,TRUE,FALSE,FALSE
Vermont,2016,320467,178573,95369,democrat,65.18642632382037,68.24725882639062,FALSE,FALSE,TRUE
Virginia,1988,2191609,859799,1309162,republican,60.35894605758241,62.67568793921985,TRUE,FALSE,TRUE
Virginia,1988,2191609,859799,1309162,democrat,39.64105394241759,37.32431206078015,FALSE,FALSE,FALSE
Virginia,1992,2559129,1038650,1150517,republican,52.55501293414344,60.35894605758241,FALSE,TRUE,TRUE
Virginia,1992,2559129,1038650,1150517,democrat,47.44498706585656,39.64105394241759,TRUE,FALSE,FALSE
Virginia,1996,2416642,1091060,1138350,republican,51.060594507066895,52.55501293414344,FALSE,FALSE,FALSE
Virginia,1996,2416642,1091060,1138350,democrat,48.939405492933105,47.44498706585656,TRUE,TRUE,TRUE
Virginia,2000,2739447,1217290,1437490,republican,54.147236305833246,51.060594507066895,TRUE,FALSE,FALSE
Virginia,2000,2739447,1217290,1437490,democrat,45.85276369416675,48.939405492933105,FALSE,FALSE,TRUE
Virginia,2004,3195415,1454742,1716959,republican,54.13369671353006,54.147236305833246,TRUE,TRUE,TRUE
Virginia,2004,3195415,1454742,1716959,democrat,45.866303286469936,45.85276369416675,FALSE,FALSE,FALSE
Virginia,2008,3723260,1959532,1725005,republican,46.81741559387245,54.13369671353006,FALSE,FALSE,TRUE
Virginia,2008,3723260,1959532,1725005,democrat,53.18258440612755,45.866303286469936,TRUE,FALSE,FALSE
Virginia,2012,3854489,1971820,1822522,republican,48.03262331123552,46.81741559387245,FALSE,FALSE,FALSE
Virginia,2012,3854489,1971820,1822522,democrat,51.967376688764475,53.18258440612755,TRUE,TRUE,TRUE
Virginia,2016,3982752,1981473,1769443,republican,47.1736237228453,48.03262331123552,TRUE,FALSE,FALSE
Virginia,2016,3982752,1981473,1769443,democrat,52.826376277154694,51.967376688764475,FALSE,FALSE,TRUE
Washington,1988,1865253,933516,903835,republican,49.19228824541418,56.84635101636629,TRUE,FALSE,TRUE
Washington,1988,1865253,933516,903835,democrat,50.80771175458582,43.15364898363371,FALSE,FALSE,FALSE
Washington,1992,2287565,993037,731234,republican,42.40829892748877,49.19228824541418,FALSE,TRUE,TRUE
Washington,1992,2287565,993037,731234,democrat,57.59170107251123,50.80771175458582,TRUE,FALSE,FALSE
Washington,1996,2253837,1123323,840712,republican,42.80534715521872,42.40829892748877,FALSE,FALSE,FALSE
Washington,1996,2253837,1123323,840712,democrat,57.19465284478128,57.59170107251123,TRUE,TRUE,TRUE
Washington,2000,2487433,1247652,1108864,republican,47.055228990594586,42.80534715521872,TRUE,FALSE,FALSE
Washington,2000,2487433,1247652,1108864,democrat,52.944771009405414,57.19465284478128,FALSE,FALSE,TRUE
Washington,2004,2859084,1510201,1304894,republican,46.353462316547045,47.055228990594586,TRUE,TRUE,TRUE
Washington,2004,2859084,1510201,1304894,democrat,53.646537683452955,52.944771009405414,FALSE,FALSE,FALSE
Washington,2008,3036878,1750848,1229216,republican,41.24797319789105,46.353462316547045,FALSE,FALSE,TRUE
Washington,2008,3036878,1750848,1229216,democrat,58.75202680210895,53.646537683452955,TRUE,FALSE,FALSE
Washington,2012,3125516,1755396,1290670,republican,42.37170172937815,41.24797319789105,FALSE,FALSE,FALSE
Washington,2012,3125516,1755396,1290670,democrat,57.62829827062185,58.75202680210895,TRUE,TRUE,TRUE
Washington,2016,3317019,1742718,1221747,republican,41.21306879993523,42.37170172937815,TRUE,FALSE,FALSE
Washington,2016,3317019,1742718,1221747,democrat,58.786931200064764,57.62829827062185,FALSE,FALSE,TRUE
West Virginia,1988,653311,341016,310065,republican,47.623106802379425,55.27243432459842,TRUE,FALSE,TRUE
West Virginia,1988,653311,341016,310065,democrat,52.376893197620575,44.72756567540158,FALSE,FALSE,FALSE
West Virginia,1992,683677,331001,241974,republican,42.23116191805925,47.623106802379425,FALSE,TRUE,TRUE
West Virginia,1992,683677,331001,241974,democrat,57.76883808194074,52.376893197620575,TRUE,FALSE,FALSE
West Virginia,1996,636459,327812,233946,republican,41.645334823892135,42.23116191805925,FALSE,FALSE,FALSE
West Virginia,1996,636459,327812,233946,democrat,58.35466517610786,57.76883808194074,TRUE,TRUE,TRUE
West Virginia,2000,648124,295497,336475,republican,53.24207401593741,41.645334823892135,TRUE,FALSE,FALSE
West Virginia,2000,648124,295497,336475,democrat,46.75792598406259,58.35466517610786,FALSE,FALSE,TRUE
West Virginia,2004,755792,326541,423778,republican,56.47971062974548,53.24207401593741,TRUE,TRUE,TRUE
West Virginia,2004,755792,326541,423778,democrat,43.52028937025452,46.75792598406259,FALSE,FALSE,FALSE
West Virginia,2008,713451,303857,397466,republican,56.67374376713725,56.47971062974548,FALSE,FALSE,TRUE
West Virginia,2008,713451,303857,397466,democrat,43.32625623286275,43.52028937025452,TRUE,FALSE,FALSE
West Virginia,2012,670438,238269,417655,republican,63.67429763204273,56.67374376713725,FALSE,FALSE,FALSE
West Virginia,2012,670438,238269,417655,democrat,36.32570236795726,43.32625623286275,TRUE,TRUE,TRUE
West Virginia,2016,713051,188794,489371,republican,72.16105225129577,63.67429763204273,TRUE,FALSE,FALSE
West Virginia,2016,713051,188794,489371,democrat,27.838947748704225,36.32570236795726,FALSE,FALSE,TRUE
Wisconsin,1988,2191608,1126794,1047499,republican,48.17653370543896,54.62201570962173,TRUE,FALSE,TRUE
Wisconsin,1988,2191608,1126794,1047499,democrat,51.82346629456104,45.377984290378265,FALSE,FALSE,FALSE
Wisconsin,1992,2531064,1041066,930855,republican,47.20549149788455,48.17653370543896,FALSE,TRUE,TRUE
Wisconsin,1992,2531064,1041066,930855,democrat,52.79450850211545,51.82346629456104,TRUE,FALSE,FALSE
Wisconsin,1996,2196169,1071971,845029,republican,44.08080333854982,47.20549149788455,FALSE,FALSE,FALSE
Wisconsin,1996,2196169,1071971,845029,democrat,55.91919666145019,52.79450850211545,TRUE,TRUE,TRUE
Wisconsin,2000,2598607,1242987,1237279,republican,49.884931696842195,44.08080333854982,TRUE,FALSE,FALSE
Wisconsin,2000,2598607,1242987,1237279,democrat,50.115068303157805,55.91919666145019,FALSE,FALSE,TRUE
Wisconsin,2004,2997007,1489504,1478120,republican,49.80819672573075,49.884931696842195,TRUE,TRUE,TRUE
Wisconsin,2004,2997007,1489504,1478120,democrat,50.19180327426924,50.115068303157805,FALSE,FALSE,FALSE
Wisconsin,2008,2983417,1677211,1262393,republican,42.94432175218159,49.80819672573075,FALSE,FALSE,TRUE
Wisconsin,2008,2983417,1677211,1262393,democrat,57.055678247818406,50.19180327426924,TRUE,FALSE,FALSE
Wisconsin,2012,3071434,1620985,1410966,republican,46.53657001712759,42.94432175218159,FALSE,FALSE,FALSE
Wisconsin,2012,3071434,1620985,1410966,democrat,53.46342998287241,57.055678247818406,TRUE,TRUE,TRUE
Wisconsin,2016,2976150,1382536,1405284,republican,50.40798903802971,46.53657001712759,TRUE,FALSE,FALSE
Wisconsin,2016,2976150,1382536,1405284,democrat,49.59201096197028,53.46342998287241,FALSE,FALSE,TRUE
Wyoming,1988,176551,67113,106867,republican,61.42487642257731,71.40039976207191,TRUE,FALSE,TRUE
Wyoming,1988,176551,67113,106867,democrat,38.575123577422694,28.599600237928097,FALSE,FALSE,FALSE
Wyoming,1992,199884,68160,79347,republican,53.79202342939657,61.42487642257731,FALSE,TRUE,TRUE
Wyoming,1992,199884,68160,79347,democrat,46.20797657060343,38.575123577422694,TRUE,FALSE,FALSE
Wyoming,1996,211571,77934,105388,republican,57.48791743489598,53.79202342939657,FALSE,FALSE,FALSE
Wyoming,1996,211571,77934,105388,democrat,42.51208256510402,46.20797657060343,TRUE,TRUE,TRUE
Wyoming,2000,213726,60481,147947,republican,70.98230564031705,57.48791743489598,TRUE,FALSE,FALSE
Wyoming,2000,213726,60481,147947,democrat,29.01769435968296,42.51208256510402,FALSE,FALSE,TRUE
Wyoming,2004,243861,70776,167629,republican,70.31270317317171,70.98230564031705,TRUE,TRUE,TRUE
Wyoming,2004,243861,70776,167629,democrat,29.687296826828298,29.01769435968296,FALSE,FALSE,FALSE
Wyoming,2008,254904,82868,164958,republican,66.56202335509592,70.31270317317171,FALSE,FALSE,TRUE
Wyoming,2008,254904,82868,164958,democrat,33.43797664490409,29.687296826828298,TRUE,FALSE,FALSE
Wyoming,2012,250701,69286,170962,republican,71.16063401152142,66.56202335509592,FALSE,FALSE,FALSE
Wyoming,2012,250701,69286,170962,democrat,28.839365988478573,33.43797664490409,TRUE,TRUE,TRUE
Wyoming,2016,258788,55973,174419,republican,75.70531962915379,71.16063401152142,TRUE,FALSE,FALSE
Wyoming,2016,258788,55973,174419,democrat,24.294680370846212,28.839365988478573,FALSE,FALSE,TRUE
